lat,lon,raw_light_intensity,normalized_intensity,economic_activity_score,activity_level
35.4108,45.2847,0.0,0.0,20,Very Low
35.4108,45.2947,0.001317618531517916,0.001317618531517916,20,Very Low
35.4108,45.3047,0.0,0.0,20,Very Low
35.4108,45.314699999999995,0.059600028343452155,0.059600028343452155,20,Very Low
35.4108,45.32469999999999,0.044008046481648244,0.044008046481648244,20,Very Low
35.4108,45.33469999999999,0.1858193896603191,0.1858193896603191,60,Moderate
35.4108,45.34469999999999,0.12031733784475859,0.12031733784475859,60,Moderate
35.4108,45.35469999999999,0.13814892766812986,0.13814892766812986,60,Moderate
35.4108,45.364699999999985,0.21518208502072195,0.21518208502072195,60,Moderate
35.4108,45.37469999999998,0.0,0.0,20,Very Low
35.4108,45.38469999999998,0.18114906297744277,0.18114906297744277,60,Moderate
35.4108,45.39469999999998,0.05202814139858147,0.05202814139858147,20,Very Low
35.4108,45.40469999999998,0.1666349247072172,0.1666349247072172,60,Moderate
35.4108,45.414699999999975,0.1560642817888474,0.1560642817888474,60,Moderate
35.4108,45.42469999999997,0.2501319587637287,0.2501319587637287,60,Moderate
35.4108,45.43469999999997,0.20446127988291224,0.20446127988291224,60,Moderate
35.4108,45.44469999999997,0.23474018779026634,0.23474018779026634,60,Moderate
35.4108,45.45469999999997,0.29582258024644315,0.29582258024644315,60,Moderate
35.4108,45.464699999999965,0.29556455227442013,0.29556455227442013,60,Moderate
35.4108,45.47469999999996,0.2805799065460226,0.2805799065460226,60,Moderate
35.4108,45.48469999999996,0.30634487616097356,0.30634487616097356,90,Very High
35.4108,45.49469999999996,0.20350246806615932,0.20350246806615932,60,Moderate
35.4108,45.50469999999996,0.3589463066232432,0.3589463066232432,90,Very High
35.4108,45.514699999999955,0.25219517622877274,0.25219517622877274,60,Moderate
35.4108,45.52469999999995,0.22242940803020028,0.22242940803020028,60,Moderate
35.4108,45.53469999999995,0.21648460268060343,0.21648460268060343,60,Moderate
35.4108,45.54469999999995,0.24124370308552626,0.24124370308552626,60,Moderate
35.4108,45.55469999999995,0.0,0.0,20,Very Low
35.4108,45.564699999999945,0.0350810903011495,0.0350810903011495,20,Very Low
35.4108,45.57469999999994,0.0,0.0,20,Very Low
35.4108,45.58469999999994,0.0,0.0,20,Very Low
35.4208,45.2847,0.10416174336309661,0.10416174336309661,60,Moderate
35.4208,45.2947,0.08548754796848998,0.08548754796848998,20,Very Low
35.4208,45.3047,0.0,0.0,20,Very Low
35.4208,45.314699999999995,0.10047537175901153,0.10047537175901153,60,Moderate
35.4208,45.32469999999999,0.13924549704852737,0.13924549704852737,60,Moderate
35.4208,45.33469999999999,0.1489130112706542,0.1489130112706542,60,Moderate
35.4208,45.34469999999999,0.26718938678744075,0.26718938678744075,60,Moderate
35.4208,45.35469999999999,0.09424817466920457,0.09424817466920457,20,Very Low
35.4208,45.364699999999985,0.2946880311005946,0.2946880311005946,60,Moderate
35.4208,45.37469999999998,0.4140558725546631,0.4140558725546631,90,Very High
35.4208,45.38469999999998,0.26518276145554714,0.26518276145554714,60,Moderate
35.4208,45.39469999999998,0.2852849872635578,0.2852849872635578,60,Moderate
35.4208,45.40469999999998,0.385603264714272,0.385603264714272,90,Very High
35.4208,45.414699999999975,0.21254470451894178,0.21254470451894178,60,Moderate
35.4208,45.42469999999997,0.3169161090468283,0.3169161090468283,90,Very High
35.4208,45.43469999999997,0.27048686016971635,0.27048686016971635,60,Moderate
35.4208,45.44469999999997,0.12492709633659238,0.12492709633659238,60,Moderate
35.4208,45.45469999999997,0.19384409625906454,0.19384409625906454,60,Moderate
35.4208,45.464699999999965,0.269826090303633,0.269826090303633,60,Moderate
35.4208,45.47469999999996,0.2306120917653044,0.2306120917653044,60,Moderate
35.4208,45.48469999999996,0.26614378998520133,0.26614378998520133,60,Moderate
35.4208,45.49469999999996,0.26630485329089504,0.26630485329089504,60,Moderate
35.4208,45.50469999999996,0.0,0.0,20,Very Low
35.4208,45.514699999999955,0.11664498026230924,0.11664498026230924,60,Moderate
35.4208,45.52469999999995,0.07128555844806814,0.07128555844806814,20,Very Low
35.4208,45.53469999999995,0.0,0.0,20,Very Low
35.4208,45.54469999999995,0.08025054966463979,0.08025054966463979,20,Very Low
35.4208,45.55469999999995,0.13508134079024658,0.13508134079024658,60,Moderate
35.4208,45.564699999999945,0.036652492318408954,0.036652492318408954,20,Very Low
35.4208,45.57469999999994,0.0060102227646119406,0.0060102227646119406,20,Very Low
35.4208,45.58469999999994,0.0,0.0,20,Very Low
35.4308,45.2847,0.0,0.0,20,Very Low
35.4308,45.2947,0.07444278319941489,0.07444278319941489,20,Very Low
35.4308,45.3047,0.03175087214884241,0.03175087214884241,20,Very Low
35.4308,45.314699999999995,0.0,0.0,20,Very Low
35.4308,45.32469999999999,0.12545074298333536,0.12545074298333536,60,Moderate
35.4308,45.33469999999999,0.12072160212056271,0.12072160212056271,60,Moderate
35.4308,45.34469999999999,0.2565716802628513,0.2565716802628513,60,Moderate
35.4308,45.35469999999999,0.1928323707534585,0.1928323707534585,60,Moderate
35.4308,45.364699999999985,0.15480027828845794,0.15480027828845794,60,Moderate
35.4308,45.37469999999998,0.3651830880056958,0.3651830880056958,90,Very High
35.4308,45.38469999999998,0.4973240205800574,0.4973240205800574,90,Very High
35.4308,45.39469999999998,0.31284396374821,0.31284396374821,90,Very High
35.4308,45.40469999999998,0.26893528017981083,0.26893528017981083,60,Moderate
35.4308,45.414699999999975,0.28147096979927055,0.28147096979927055,60,Moderate
35.4308,45.42469999999997,0.13653364030390824,0.13653364030390824,60,Moderate
35.4308,45.43469999999997,0.20042977437282128,0.20042977437282128,60,Moderate
35.4308,45.44469999999997,0.31535755711539615,0.31535755711539615,90,Very High
35.4308,45.45469999999997,0.41323840718626703,0.41323840718626703,90,Very High
35.4308,45.464699999999965,0.22521198451579,0.22521198451579,60,Moderate
35.4308,45.47469999999996,0.24940982259420108,0.24940982259420108,60,Moderate
35.4308,45.48469999999996,0.40473202156563215,0.40473202156563215,90,Very High
35.4308,45.49469999999996,0.16179904953699492,0.16179904953699492,60,Moderate
35.4308,45.50469999999996,0.2566456114365123,0.2566456114365123,60,Moderate
35.4308,45.514699999999955,0.05100831379633569,0.05100831379633569,20,Very Low
35.4308,45.52469999999995,0.18526473097495944,0.18526473097495944,60,Moderate
35.4308,45.53469999999995,0.20880593700279548,0.20880593700279548,60,Moderate
35.4308,45.54469999999995,0.0,0.0,20,Very Low
35.4308,45.55469999999995,0.11835902425854372,0.11835902425854372,60,Moderate
35.4308,45.564699999999945,0.22394801206831674,0.22394801206831674,60,Moderate
35.4308,45.57469999999994,0.07030322101369131,0.07030322101369131,20,Very Low
35.4308,45.58469999999994,0.0,0.0,20,Very Low
35.440799999999996,45.2847,0.0,0.0,20,Very Low
35.440799999999996,45.2947,0.0,0.0,20,Very Low
35.440799999999996,45.3047,0.0,0.0,20,Very Low
35.440799999999996,45.314699999999995,0.13297080102327805,0.13297080102327805,60,Moderate
35.440799999999996,45.32469999999999,0.08777554835552519,0.08777554835552519,20,Very Low
35.440799999999996,45.33469999999999,0.22980698576600694,0.22980698576600694,60,Moderate
35.440799999999996,45.34469999999999,0.025443805569807604,0.025443805569807604,20,Very Low
35.440799999999996,45.35469999999999,0.20902038832274178,0.20902038832274178,60,Moderate
35.440799999999996,45.364699999999985,0.22940295448834647,0.22940295448834647,60,Moderate
35.440799999999996,45.37469999999998,0.465234055622177,0.465234055622177,90,Very High
35.440799999999996,45.38469999999998,0.18022822734259294,0.18022822734259294,60,Moderate
35.440799999999996,45.39469999999998,0.33378507465556173,0.33378507465556173,90,Very High
35.440799999999996,45.40469999999998,0.4740437682214934,0.4740437682214934,90,Very High
35.440799999999996,45.414699999999975,0.42238561698432453,0.42238561698432453,90,Very High
35.440799999999996,45.42469999999997,0.1955958607359273,0.1955958607359273,60,Moderate
35.440799999999996,45.43469999999997,0.395602787654743,0.395602787654743,90,Very High
35.440799999999996,45.44469999999997,0.4294490339724777,0.4294490339724777,90,Very High
35.440799999999996,45.45469999999997,0.4994357841852669,0.4994357841852669,90,Very High
35.440799999999996,45.464699999999965,0.2942415811631065,0.2942415811631065,60,Moderate
35.440799999999996,45.47469999999996,0.23786678153376345,0.23786678153376345,60,Moderate
35.440799999999996,45.48469999999996,0.4119101326336923,0.4119101326336923,90,Very High
35.440799999999996,45.49469999999996,0.22983344084217783,0.22983344084217783,60,Moderate
35.440799999999996,45.50469999999996,0.41750631318659687,0.41750631318659687,90,Very High
35.440799999999996,45.514699999999955,0.2246477270955011,0.2246477270955011,60,Moderate
35.440799999999996,45.52469999999995,0.28943088351448315,0.28943088351448315,60,Moderate
35.440799999999996,45.53469999999995,0.1707586711799321,0.1707586711799321,60,Moderate
35.440799999999996,45.54469999999995,0.18766669256048593,0.18766669256048593,60,Moderate
35.440799999999996,45.55469999999995,0.2698519535473267,0.2698519535473267,60,Moderate
35.440799999999996,45.564699999999945,0.0,0.0,20,Very Low
35.440799999999996,45.57469999999994,0.0,0.0,20,Very Low
35.440799999999996,45.58469999999994,0.12097574024195819,0.12097574024195819,60,Moderate
35.450799999999994,45.2847,0.23709382898579373,0.23709382898579373,60,Moderate
35.450799999999994,45.2947,0.06665079438106972,0.06665079438106972,20,Very Low
35.450799999999994,45.3047,0.05410360035087691,0.05410360035087691,20,Very Low
35.450799999999994,45.314699999999995,0.08602516184653053,0.08602516184653053,20,Very Low
35.450799999999994,45.32469999999999,0.41608905850125577,0.41608905850125577,90,Very High
35.450799999999994,45.33469999999999,0.34188617448595654,0.34188617448595654,90,Very High
35.450799999999994,45.34469999999999,0.17524299650528136,0.17524299650528136,60,Moderate
35.450799999999994,45.35469999999999,0.1433337643754565,0.1433337643754565,60,Moderate
35.450799999999994,45.364699999999985,0.2931048011523457,0.2931048011523457,60,Moderate
35.450799999999994,45.37469999999998,0.3816915644291501,0.3816915644291501,90,Very High
35.450799999999994,45.38469999999998,0.3939235366072017,0.3939235366072017,90,Very High
35.450799999999994,45.39469999999998,0.3041714114381778,0.3041714114381778,90,Very High
35.450799999999994,45.40469999999998,0.4637821447762761,0.4637821447762761,90,Very High
35.450799999999994,45.414699999999975,0.3741344775091976,0.3741344775091976,90,Very High
35.450799999999994,45.42469999999997,0.5329784496855673,0.5329784496855673,90,Very High
35.450799999999994,45.43469999999997,0.5740542059677012,0.5740542059677012,90,Very High
35.450799999999994,45.44469999999997,0.42857580664659894,0.42857580664659894,90,Very High
35.450799999999994,45.45469999999997,0.6247240326319365,0.6247240326319365,90,Very High
35.450799999999994,45.464699999999965,0.3286277597190433,0.3286277597190433,90,Very High
35.450799999999994,45.47469999999996,0.305022000203951,0.305022000203951,90,Very High
35.450799999999994,45.48469999999996,0.2906820859455768,0.2906820859455768,60,Moderate
35.450799999999994,45.49469999999996,0.3241324571700026,0.3241324571700026,90,Very High
35.450799999999994,45.50469999999996,0.3922872895521264,0.3922872895521264,90,Very High
35.450799999999994,45.514699999999955,0.31588282119228595,0.31588282119228595,90,Very High
35.450799999999994,45.52469999999995,0.23947316110207753,0.23947316110207753,60,Moderate
35.450799999999994,45.53469999999995,0.25246982099594906,0.25246982099594906,60,Moderate
35.450799999999994,45.54469999999995,0.17426734304251518,0.17426734304251518,60,Moderate
35.450799999999994,45.55469999999995,0.2627662685317621,0.2627662685317621,60,Moderate
35.450799999999994,45.564699999999945,0.08657832085883865,0.08657832085883865,20,Very Low
35.450799999999994,45.57469999999994,0.02552062235630248,0.02552062235630248,20,Very Low
35.450799999999994,45.58469999999994,0.0,0.0,20,Very Low
35.46079999999999,45.2847,0.03337068928195791,0.03337068928195791,20,Very Low
35.46079999999999,45.2947,0.04745519793267558,0.04745519793267558,20,Very Low
35.46079999999999,45.3047,0.24871940424945074,0.24871940424945074,60,Moderate
35.46079999999999,45.314699999999995,0.18965312762036907,0.18965312762036907,60,Moderate
35.46079999999999,45.32469999999999,0.19536317609534518,0.19536317609534518,60,Moderate
35.46079999999999,45.33469999999999,0.18154285764503292,0.18154285764503292,60,Moderate
35.46079999999999,45.34469999999999,0.42213340886655437,0.42213340886655437,90,Very High
35.46079999999999,45.35469999999999,0.35361454952544913,0.35361454952544913,90,Very High
35.46079999999999,45.364699999999985,0.3959652308069585,0.3959652308069585,90,Very High
35.46079999999999,45.37469999999998,0.3459085863150053,0.3459085863150053,90,Very High
35.46079999999999,45.38469999999998,0.40728849608904,0.40728849608904,90,Very High
35.46079999999999,45.39469999999998,0.3295366367335149,0.3295366367335149,90,Very High
35.46079999999999,45.40469999999998,0.5332635653712262,0.5332635653712262,90,Very High
35.46079999999999,45.414699999999975,0.2855497203673921,0.2855497203673921,60,Moderate
35.46079999999999,45.42469999999997,0.635664353336237,0.635664353336237,90,Very High
35.46079999999999,45.43469999999997,0.5579397827830925,0.5579397827830925,90,Very High
35.46079999999999,45.44469999999997,0.5866900500154784,0.5866900500154784,90,Very High
35.46079999999999,45.45469999999997,0.5954315620642987,0.5954315620642987,90,Very High
35.46079999999999,45.464699999999965,0.4443580169014987,0.4443580169014987,90,Very High
35.46079999999999,45.47469999999996,0.37618311946418614,0.37618311946418614,90,Very High
35.46079999999999,45.48469999999996,0.3498270507853552,0.3498270507853552,90,Very High
35.46079999999999,45.49469999999996,0.3668307482784724,0.3668307482784724,90,Very High
35.46079999999999,45.50469999999996,0.15198019036453975,0.15198019036453975,60,Moderate
35.46079999999999,45.514699999999955,0.32575115873349275,0.32575115873349275,90,Very High
35.46079999999999,45.52469999999995,0.2788414491754178,0.2788414491754178,60,Moderate
35.46079999999999,45.53469999999995,0.20954106710847425,0.20954106710847425,60,Moderate
35.46079999999999,45.54469999999995,0.09103113162067286,0.09103113162067286,20,Very Low
35.46079999999999,45.55469999999995,0.23509883393024794,0.23509883393024794,60,Moderate
35.46079999999999,45.564699999999945,0.09946692981800685,0.09946692981800685,20,Very Low
35.46079999999999,45.57469999999994,0.11582083139087254,0.11582083139087254,60,Moderate
35.46079999999999,45.58469999999994,0.22831520788954573,0.22831520788954573,60,Moderate
35.47079999999999,45.2847,0.028542423117175225,0.028542423117175225,20,Very Low
35.47079999999999,45.2947,0.0,0.0,20,Very Low
35.47079999999999,45.3047,0.15116666758252667,0.15116666758252667,60,Moderate
35.47079999999999,45.314699999999995,0.43858528218382853,0.43858528218382853,90,Very High
35.47079999999999,45.32469999999999,0.08798565976023032,0.08798565976023032,20,Very Low
35.47079999999999,45.33469999999999,0.32969837065666247,0.32969837065666247,90,Very High
35.47079999999999,45.34469999999999,0.2526988080080459,0.2526988080080459,60,Moderate
35.47079999999999,45.35469999999999,0.3033023943731602,0.3033023943731602,90,Very High
35.47079999999999,45.364699999999985,0.25758060100185165,0.25758060100185165,60,Moderate
35.47079999999999,45.37469999999998,0.658174282783477,0.658174282783477,90,Very High
35.47079999999999,45.38469999999998,0.40943616116234727,0.40943616116234727,90,Very High
35.47079999999999,45.39469999999998,0.5457423839715841,0.5457423839715841,90,Very High
35.47079999999999,45.40469999999998,0.7811161912654485,0.7811161912654485,70,High
35.47079999999999,45.414699999999975,0.5157663769126163,0.5157663769126163,90,Very High
35.47079999999999,45.42469999999997,0.4563003653370202,0.4563003653370202,90,Very High
35.47079999999999,45.43469999999997,0.6347853029605278,0.6347853029605278,90,Very High
35.47079999999999,45.44469999999997,0.5935084311777341,0.5935084311777341,90,Very High
35.47079999999999,45.45469999999997,0.5927827616213751,0.5927827616213751,90,Very High
35.47079999999999,45.464699999999965,0.3681825196614552,0.3681825196614552,90,Very High
35.47079999999999,45.47469999999996,0.4676276519338266,0.4676276519338266,90,Very High
35.47079999999999,45.48469999999996,0.3935587825525795,0.3935587825525795,90,Very High
35.47079999999999,45.49469999999996,0.5172295955153801,0.5172295955153801,90,Very High
35.47079999999999,45.50469999999996,0.2365463293219432,0.2365463293219432,60,Moderate
35.47079999999999,45.514699999999955,0.5043641130644865,0.5043641130644865,90,Very High
35.47079999999999,45.52469999999995,0.46005915025482325,0.46005915025482325,90,Very High
35.47079999999999,45.53469999999995,0.19901254910992353,0.19901254910992353,60,Moderate
35.47079999999999,45.54469999999995,0.3457618647012304,0.3457618647012304,90,Very High
35.47079999999999,45.55469999999995,0.4525212252743144,0.4525212252743144,90,Very High
35.47079999999999,45.564699999999945,0.1512363235979274,0.1512363235979274,60,Moderate
35.47079999999999,45.57469999999994,0.23854101401544153,0.23854101401544153,60,Moderate
35.47079999999999,45.58469999999994,0.18692742374007457,0.18692742374007457,60,Moderate
35.48079999999999,45.2847,0.14849206157122788,0.14849206157122788,60,Moderate
35.48079999999999,45.2947,0.11337366703301777,0.11337366703301777,60,Moderate
35.48079999999999,45.3047,0.17471879606811036,0.17471879606811036,60,Moderate
35.48079999999999,45.314699999999995,0.35698698112833727,0.35698698112833727,90,Very High
35.48079999999999,45.32469999999999,0.4068119380945436,0.4068119380945436,90,Very High
35.48079999999999,45.33469999999999,0.4458141795657123,0.4458141795657123,90,Very High
35.48079999999999,45.34469999999999,0.517844158290008,0.517844158290008,90,Very High
35.48079999999999,45.35469999999999,0.4327725100222631,0.4327725100222631,90,Very High
35.48079999999999,45.364699999999985,0.33222208782074836,0.33222208782074836,90,Very High
35.48079999999999,45.37469999999998,0.6996937129656694,0.6996937129656694,90,Very High
35.48079999999999,45.38469999999998,0.3593010395396963,0.3593010395396963,90,Very High
35.48079999999999,45.39469999999998,0.5342121299092512,0.5342121299092512,90,Very High
35.48079999999999,45.40469999999998,0.6562387592500786,0.6562387592500786,90,Very High
35.48079999999999,45.414699999999975,0.6405630567394084,0.6405630567394084,90,Very High
35.48079999999999,45.42469999999997,0.628830633404535,0.628830633404535,90,Very High
35.48079999999999,45.43469999999997,0.6197566683066326,0.6197566683066326,90,Very High
35.48079999999999,45.44469999999997,0.6018574363823186,0.6018574363823186,90,Very High
35.48079999999999,45.45469999999997,0.8579221685771674,0.8579221685771674,70,High
35.48079999999999,45.464699999999965,0.6022060010110586,0.6022060010110586,90,Very High
35.48079999999999,45.47469999999996,0.5012616296105258,0.5012616296105258,90,Very High
35.48079999999999,45.48469999999996,0.5488206470522582,0.5488206470522582,90,Very High
35.48079999999999,45.49469999999996,0.43016815428882327,0.43016815428882327,90,Very High
35.48079999999999,45.50469999999996,0.513063568102487,0.513063568102487,90,Very High
35.48079999999999,45.514699999999955,0.31334447124074194,0.31334447124074194,90,Very High
35.48079999999999,45.52469999999995,0.16902305661912662,0.16902305661912662,60,Moderate
35.48079999999999,45.53469999999995,0.2752851107374635,0.2752851107374635,60,Moderate
35.48079999999999,45.54469999999995,0.2903373049349257,0.2903373049349257,60,Moderate
35.48079999999999,45.55469999999995,0.07157763096116238,0.07157763096116238,20,Very Low
35.48079999999999,45.564699999999945,0.2120126497113892,0.2120126497113892,60,Moderate
35.48079999999999,45.57469999999994,0.3151104785080664,0.3151104785080664,90,Very High
35.48079999999999,45.58469999999994,0.1554340761013999,0.1554340761013999,60,Moderate
35.490799999999986,45.2847,0.1283582130455607,0.1283582130455607,60,Moderate
35.490799999999986,45.2947,0.3394821657085814,0.3394821657085814,90,Very High
35.490799999999986,45.3047,0.15086216205308045,0.15086216205308045,60,Moderate
35.490799999999986,45.314699999999995,0.26510806608152543,0.26510806608152543,60,Moderate
35.490799999999986,45.32469999999999,0.26977895484687753,0.26977895484687753,60,Moderate
35.490799999999986,45.33469999999999,0.4756786167106424,0.4756786167106424,90,Very High
35.490799999999986,45.34469999999999,0.4374278758676334,0.4374278758676334,90,Very High
35.490799999999986,45.35469999999999,0.6620260003074191,0.6620260003074191,90,Very High
35.490799999999986,45.364699999999985,0.5585128649150206,0.5585128649150206,90,Very High
35.490799999999986,45.37469999999998,0.6245396302024407,0.6245396302024407,90,Very High
35.490799999999986,45.38469999999998,0.4599445751404074,0.4599445751404074,90,Very High
35.490799999999986,45.39469999999998,0.7568112455930123,0.7568112455930123,70,High
35.490799999999986,45.40469999999998,0.6254085914431854,0.6254085914431854,90,Very High
35.490799999999986,45.414699999999975,0.6886561232257908,0.6886561232257908,90,Very High
35.490799999999986,45.42469999999997,0.7019822499848754,0.7019822499848754,70,High
35.490799999999986,45.43469999999997,0.7241726345827515,0.7241726345827515,70,High
35.490799999999986,45.44469999999997,0.5038798118325268,0.5038798118325268,90,Very High
35.490799999999986,45.45469999999997,0.5438984024878656,0.5438984024878656,90,Very High
35.490799999999986,45.464699999999965,0.719030143673844,0.719030143673844,70,High
35.490799999999986,45.47469999999996,0.7421151599259765,0.7421151599259765,70,High
35.490799999999986,45.48469999999996,0.6419367171175344,0.6419367171175344,90,Very High
35.490799999999986,45.49469999999996,0.5078231975216364,0.5078231975216364,90,Very High
35.490799999999986,45.50469999999996,0.5206039901966959,0.5206039901966959,90,Very High
35.490799999999986,45.514699999999955,0.5323654688872853,0.5323654688872853,90,Very High
35.490799999999986,45.52469999999995,0.2396144169627233,0.2396144169627233,60,Moderate
35.490799999999986,45.53469999999995,0.5341755937190248,0.5341755937190248,90,Very High
35.490799999999986,45.54469999999995,0.34800489860487194,0.34800489860487194,90,Very High
35.490799999999986,45.55469999999995,0.24955576577789465,0.24955576577789465,60,Moderate
35.490799999999986,45.564699999999945,0.2259446589073657,0.2259446589073657,60,Moderate
35.490799999999986,45.57469999999994,0.1994136939892569,0.1994136939892569,60,Moderate
35.490799999999986,45.58469999999994,0.17780814228244288,0.17780814228244288,60,Moderate
35.500799999999984,45.2847,0.31893291558807096,0.31893291558807096,90,Very High
35.500799999999984,45.2947,0.20397892558399475,0.20397892558399475,60,Moderate
35.500799999999984,45.3047,0.25515344064685963,0.25515344064685963,60,Moderate
35.500799999999984,45.314699999999995,0.5875051069182076,0.5875051069182076,90,Very High
35.500799999999984,45.32469999999999,0.29337904854886326,0.29337904854886326,60,Moderate
35.500799999999984,45.33469999999999,0.4234161000332914,0.4234161000332914,90,Very High
35.500799999999984,45.34469999999999,0.6369536067988035,0.6369536067988035,90,Very High
35.500799999999984,45.35469999999999,0.4450919573558575,0.4450919573558575,90,Very High
35.500799999999984,45.364699999999985,0.6019490653136456,0.6019490653136456,90,Very High
35.500799999999984,45.37469999999998,0.6286905171641972,0.6286905171641972,90,Very High
35.500799999999984,45.38469999999998,0.6187496749517277,0.6187496749517277,90,Very High
35.500799999999984,45.39469999999998,0.6087593048239663,0.6087593048239663,90,Very High
35.500799999999984,45.40469999999998,0.6719046829134556,0.6719046829134556,90,Very High
35.500799999999984,45.414699999999975,0.6356711203188793,0.6356711203188793,90,Very High
35.500799999999984,45.42469999999997,0.4860463854323195,0.4860463854323195,90,Very High
35.500799999999984,45.43469999999997,0.5762817175903179,0.5762817175903179,90,Very High
35.500799999999984,45.44469999999997,0.6876584833805703,0.6876584833805703,90,Very High
35.500799999999984,45.45469999999997,0.7635336047642138,0.7635336047642138,70,High
35.500799999999984,45.464699999999965,0.804001014868081,0.804001014868081,70,High
35.500799999999984,45.47469999999996,0.7018237737149453,0.7018237737149453,70,High
35.500799999999984,45.48469999999996,0.4737475472582574,0.4737475472582574,90,Very High
35.500799999999984,45.49469999999996,0.42701320339848947,0.42701320339848947,90,Very High
35.500799999999984,45.50469999999996,0.669911484833401,0.669911484833401,90,Very High
35.500799999999984,45.514699999999955,0.4633629149172219,0.4633629149172219,90,Very High
35.500799999999984,45.52469999999995,0.514820763830277,0.514820763830277,90,Very High
35.500799999999984,45.53469999999995,0.40892805292270884,0.40892805292270884,90,Very High
35.500799999999984,45.54469999999995,0.3793419927092389,0.3793419927092389,90,Very High
35.500799999999984,45.55469999999995,0.438666384703667,0.438666384703667,90,Very High
35.500799999999984,45.564699999999945,0.3977466893788062,0.3977466893788062,90,Very High
35.500799999999984,45.57469999999994,0.2343065753422879,0.2343065753422879,60,Moderate
35.500799999999984,45.58469999999994,0.23539097952667606,0.23539097952667606,60,Moderate
35.51079999999998,45.2847,0.16007459840377616,0.16007459840377616,60,Moderate
35.51079999999998,45.2947,0.23135273066304465,0.23135273066304465,60,Moderate
35.51079999999998,45.3047,0.3438376131503,0.3438376131503,90,Very High
35.51079999999998,45.314699999999995,0.30026133325926163,0.30026133325926163,90,Very High
35.51079999999998,45.32469999999999,0.20103433956623365,0.20103433956623365,60,Moderate
35.51079999999998,45.33469999999999,0.4596277328622959,0.4596277328622959,90,Very High
35.51079999999998,45.34469999999999,0.63604428041066,0.63604428041066,90,Very High
35.51079999999998,45.35469999999999,0.2920671812615029,0.2920671812615029,60,Moderate
35.51079999999998,45.364699999999985,0.711040287964897,0.711040287964897,70,High
35.51079999999998,45.37469999999998,0.819195802387292,0.819195802387292,70,High
35.51079999999998,45.38469999999998,0.6255349496460942,0.6255349496460942,90,Very High
35.51079999999998,45.39469999999998,0.9223634680623454,0.9223634680623454,40,Low
35.51079999999998,45.40469999999998,0.5867580776343522,0.5867580776343522,90,Very High
35.51079999999998,45.414699999999975,0.9144929063726921,0.9144929063726921,40,Low
35.51079999999998,45.42469999999997,0.879475179187894,0.879475179187894,70,High
35.51079999999998,45.43469999999997,0.6792930444016261,0.6792930444016261,90,Very High
35.51079999999998,45.44469999999997,0.7699744398836961,0.7699744398836961,70,High
35.51079999999998,45.45469999999997,0.6749079134411994,0.6749079134411994,90,Very High
35.51079999999998,45.464699999999965,0.6597838623843258,0.6597838623843258,90,Very High
35.51079999999998,45.47469999999996,0.6858674533079844,0.6858674533079844,90,Very High
35.51079999999998,45.48469999999996,0.7458413865717529,0.7458413865717529,70,High
35.51079999999998,45.49469999999996,0.5119074539825397,0.5119074539825397,90,Very High
35.51079999999998,45.50469999999996,0.7615019767074656,0.7615019767074656,70,High
35.51079999999998,45.514699999999955,0.6241462977206209,0.6241462977206209,90,Very High
35.51079999999998,45.52469999999995,0.4772404501522979,0.4772404501522979,90,Very High
35.51079999999998,45.53469999999995,0.4591717771584957,0.4591717771584957,90,Very High
35.51079999999998,45.54469999999995,0.5961752748692541,0.5961752748692541,90,Very High
35.51079999999998,45.55469999999995,0.34403183578369845,0.34403183578369845,90,Very High
35.51079999999998,45.564699999999945,0.313114968219223,0.313114968219223,90,Very High
35.51079999999998,45.57469999999994,0.16889248449387897,0.16889248449387897,60,Moderate
35.51079999999998,45.58469999999994,0.11839405460970984,0.11839405460970984,60,Moderate
35.52079999999998,45.2847,0.12142378528073484,0.12142378528073484,60,Moderate
35.52079999999998,45.2947,0.28965535358156996,0.28965535358156996,60,Moderate
35.52079999999998,45.3047,0.26172006952404026,0.26172006952404026,60,Moderate
35.52079999999998,45.314699999999995,0.33403427761614246,0.33403427761614246,90,Very High
35.52079999999998,45.32469999999999,0.4867372782580428,0.4867372782580428,90,Very High
35.52079999999998,45.33469999999999,0.3915239335663105,0.3915239335663105,90,Very High
35.52079999999998,45.34469999999999,0.4133878842019782,0.4133878842019782,90,Very High
35.52079999999998,45.35469999999999,0.6113836207494389,0.6113836207494389,90,Very High
35.52079999999998,45.364699999999985,0.5534110082738045,0.5534110082738045,90,Very High
35.52079999999998,45.37469999999998,0.6770501429402257,0.6770501429402257,90,Very High
35.52079999999998,45.38469999999998,0.6743899146102087,0.6743899146102087,90,Very High
35.52079999999998,45.39469999999998,0.7986513510420908,0.7986513510420908,70,High
35.52079999999998,45.40469999999998,0.7591285277858929,0.7591285277858929,70,High
35.52079999999998,45.414699999999975,0.8506290785193146,0.8506290785193146,70,High
35.52079999999998,45.42469999999997,0.8277183738724319,0.8277183738724319,70,High
35.52079999999998,45.43469999999997,0.7170244527120145,0.7170244527120145,70,High
35.52079999999998,45.44469999999997,0.6245713140128655,0.6245713140128655,90,Very High
35.52079999999998,45.45469999999997,0.7188950320435652,0.7188950320435652,70,High
35.52079999999998,45.464699999999965,0.7488442068043263,0.7488442068043263,70,High
35.52079999999998,45.47469999999996,0.653732742800514,0.653732742800514,90,Very High
35.52079999999998,45.48469999999996,0.4862102783200021,0.4862102783200021,90,Very High
35.52079999999998,45.49469999999996,0.5283410895180338,0.5283410895180338,90,Very High
35.52079999999998,45.50469999999996,0.6503135308085631,0.6503135308085631,90,Very High
35.52079999999998,45.514699999999955,0.661728265642588,0.661728265642588,90,Very High
35.52079999999998,45.52469999999995,0.5770261781156071,0.5770261781156071,90,Very High
35.52079999999998,45.53469999999995,0.4455968145245588,0.4455968145245588,90,Very High
35.52079999999998,45.54469999999995,0.4372292732299843,0.4372292732299843,90,Very High
35.52079999999998,45.55469999999995,0.4919734427619691,0.4919734427619691,90,Very High
35.52079999999998,45.564699999999945,0.4009101473687377,0.4009101473687377,90,Very High
35.52079999999998,45.57469999999994,0.20634694766403472,0.20634694766403472,60,Moderate
35.52079999999998,45.58469999999994,0.3080844581483321,0.3080844581483321,90,Very High
35.53079999999998,45.2847,0.2354937047960301,0.2354937047960301,60,Moderate
35.53079999999998,45.2947,0.18157069493767225,0.18157069493767225,60,Moderate
35.53079999999998,45.3047,0.1654305363538056,0.1654305363538056,60,Moderate
35.53079999999998,45.314699999999995,0.44253456097424065,0.44253456097424065,90,Very High
35.53079999999998,45.32469999999999,0.4789135266707296,0.4789135266707296,90,Very High
35.53079999999998,45.33469999999999,0.4875191971524378,0.4875191971524378,90,Very High
35.53079999999998,45.34469999999999,0.34909617896638667,0.34909617896638667,90,Very High
35.53079999999998,45.35469999999999,0.5081205346536177,0.5081205346536177,90,Very High
35.53079999999998,45.364699999999985,0.6195580410251667,0.6195580410251667,90,Very High
35.53079999999998,45.37469999999998,0.6802117702758046,0.6802117702758046,90,Very High
35.53079999999998,45.38469999999998,0.8597464016219998,0.8597464016219998,70,High
35.53079999999998,45.39469999999998,0.8226392073202184,0.8226392073202184,70,High
35.53079999999998,45.40469999999998,0.8514450005653764,0.8514450005653764,70,High
35.53079999999998,45.414699999999975,0.5842183785288282,0.5842183785288282,90,Very High
35.53079999999998,45.42469999999997,0.7076655893210124,0.7076655893210124,70,High
35.53079999999998,45.43469999999997,0.8922413619634256,0.8922413619634256,70,High
35.53079999999998,45.44469999999997,0.8907989715376721,0.8907989715376721,70,High
35.53079999999998,45.45469999999997,0.9187248089752944,0.9187248089752944,40,Low
35.53079999999998,45.464699999999965,0.9793322930764599,0.9793322930764599,40,Low
35.53079999999998,45.47469999999996,0.7187137920810845,0.7187137920810845,70,High
35.53079999999998,45.48469999999996,0.6578207675019736,0.6578207675019736,90,Very High
35.53079999999998,45.49469999999996,0.4472930552076757,0.4472930552076757,90,Very High
35.53079999999998,45.50469999999996,0.4286003736715807,0.4286003736715807,90,Very High
35.53079999999998,45.514699999999955,0.8062807470811201,0.8062807470811201,70,High
35.53079999999998,45.52469999999995,0.6840898643876709,0.6840898643876709,90,Very High
35.53079999999998,45.53469999999995,0.3149199475765788,0.3149199475765788,90,Very High
35.53079999999998,45.54469999999995,0.4696631822248001,0.4696631822248001,90,Very High
35.53079999999998,45.55469999999995,0.4106851598927431,0.4106851598927431,90,Very High
35.53079999999998,45.564699999999945,0.4211236745145035,0.4211236745145035,90,Very High
35.53079999999998,45.57469999999994,0.27997643618944557,0.27997643618944557,60,Moderate
35.53079999999998,45.58469999999994,0.456069155369458,0.456069155369458,90,Very High
35.540799999999976,45.2847,0.2140396772136745,0.2140396772136745,60,Moderate
35.540799999999976,45.2947,0.35766788255405557,0.35766788255405557,90,Very High
35.540799999999976,45.3047,0.3015651270388645,0.3015651270388645,90,Very High
35.540799999999976,45.314699999999995,0.29836715990038265,0.29836715990038265,60,Moderate
35.540799999999976,45.32469999999999,0.4966880164659935,0.4966880164659935,90,Very High
35.540799999999976,45.33469999999999,0.5999751392578697,0.5999751392578697,90,Very High
35.540799999999976,45.34469999999999,0.5197645294467994,0.5197645294467994,90,Very High
35.540799999999976,45.35469999999999,0.5718580714680915,0.5718580714680915,90,Very High
35.540799999999976,45.364699999999985,0.5102241793647796,0.5102241793647796,90,Very High
35.540799999999976,45.37469999999998,0.7110076848338465,0.7110076848338465,70,High
35.540799999999976,45.38469999999998,0.7044139407734246,0.7044139407734246,70,High
35.540799999999976,45.39469999999998,0.8062586651299668,0.8062586651299668,70,High
35.540799999999976,45.40469999999998,0.821662870640087,0.821662870640087,70,High
35.540799999999976,45.414699999999975,0.7686457818272334,0.7686457818272334,70,High
35.540799999999976,45.42469999999997,0.9775176903372496,0.9775176903372496,40,Low
35.540799999999976,45.43469999999997,1.0,1.0,40,Low
35.540799999999976,45.44469999999997,1.0,1.0,40,Low
35.540799999999976,45.45469999999997,1.0,1.0,40,Low
35.540799999999976,45.464699999999965,0.856651511035982,0.856651511035982,70,High
35.540799999999976,45.47469999999996,0.7185527249300636,0.7185527249300636,70,High
35.540799999999976,45.48469999999996,0.6867605039932118,0.6867605039932118,90,Very High
35.540799999999976,45.49469999999996,0.559315825577981,0.559315825577981,90,Very High
35.540799999999976,45.50469999999996,0.7935328882821868,0.7935328882821868,70,High
35.540799999999976,45.514699999999955,0.5883575799672339,0.5883575799672339,90,Very High
35.540799999999976,45.52469999999995,0.5956538721354285,0.5956538721354285,90,Very High
35.540799999999976,45.53469999999995,0.43630206965330953,0.43630206965330953,90,Very High
35.540799999999976,45.54469999999995,0.3475347861034317,0.3475347861034317,90,Very High
35.540799999999976,45.55469999999995,0.3683966137547309,0.3683966137547309,90,Very High
35.540799999999976,45.564699999999945,0.26766495220817926,0.26766495220817926,60,Moderate
35.540799999999976,45.57469999999994,0.1812131113297638,0.1812131113297638,60,Moderate
35.540799999999976,45.58469999999994,0.11574483336504646,0.11574483336504646,60,Moderate
35.550799999999974,45.2847,0.25100345923413214,0.25100345923413214,60,Moderate
35.550799999999974,45.2947,0.33248427724491153,0.33248427724491153,90,Very High
35.550799999999974,45.3047,0.3940525493649258,0.3940525493649258,90,Very High
35.550799999999974,45.314699999999995,0.45978015648649534,0.45978015648649534,90,Very High
35.550799999999974,45.32469999999999,0.5675150418192165,0.5675150418192165,90,Very High
35.550799999999974,45.33469999999999,0.5263848882048947,0.5263848882048947,90,Very High
35.550799999999974,45.34469999999999,0.5464016960773339,0.5464016960773339,90,Very High
35.550799999999974,45.35469999999999,0.5828565948009641,0.5828565948009641,90,Very High
35.550799999999974,45.364699999999985,0.7358842939019864,0.7358842939019864,70,High
35.550799999999974,45.37469999999998,0.6244526982061964,0.6244526982061964,90,Very High
35.550799999999974,45.38469999999998,0.7995152795625589,0.7995152795625589,70,High
35.550799999999974,45.39469999999998,0.63853729013651,0.63853729013651,90,Very High
35.550799999999974,45.40469999999998,1.0,1.0,40,Low
35.550799999999974,45.414699999999975,1.0,1.0,40,Low
35.550799999999974,45.42469999999997,1.0,1.0,40,Low
35.550799999999974,45.43469999999997,1.0,1.0,40,Low
35.550799999999974,45.44469999999997,1.0,1.0,40,Low
35.550799999999974,45.45469999999997,1.0,1.0,40,Low
35.550799999999974,45.464699999999965,0.9397445238786388,0.9397445238786388,40,Low
35.550799999999974,45.47469999999996,0.8086332812242167,0.8086332812242167,70,High
35.550799999999974,45.48469999999996,0.727355003482674,0.727355003482674,70,High
35.550799999999974,45.49469999999996,0.7636507709052349,0.7636507709052349,70,High
35.550799999999974,45.50469999999996,0.6429006698011601,0.6429006698011601,90,Very High
35.550799999999974,45.514699999999955,0.5716286037242826,0.5716286037242826,90,Very High
35.550799999999974,45.52469999999995,0.35788512666171635,0.35788512666171635,90,Very High
35.550799999999974,45.53469999999995,0.5618177419342151,0.5618177419342151,90,Very High
35.550799999999974,45.54469999999995,0.5407043280800323,0.5407043280800323,90,Very High
35.550799999999974,45.55469999999995,0.49557820559893184,0.49557820559893184,90,Very High
35.550799999999974,45.564699999999945,0.3723597926909068,0.3723597926909068,90,Very High
35.550799999999974,45.57469999999994,0.3633005973501256,0.3633005973501256,90,Very High
35.550799999999974,45.58469999999994,0.08157365683240489,0.08157365683240489,20,Very Low
35.56079999999997,45.2847,0.27302706489896567,0.27302706489896567,60,Moderate
35.56079999999997,45.2947,0.2131622594980251,0.2131622594980251,60,Moderate
35.56079999999997,45.3047,0.43294051305112335,0.43294051305112335,90,Very High
35.56079999999997,45.314699999999995,0.406803385218808,0.406803385218808,90,Very High
35.56079999999997,45.32469999999999,0.46584329707688726,0.46584329707688726,90,Very High
35.56079999999997,45.33469999999999,0.636343376270863,0.636343376270863,90,Very High
35.56079999999997,45.34469999999999,0.38302879142859936,0.38302879142859936,90,Very High
35.56079999999997,45.35469999999999,0.5176481745256603,0.5176481745256603,90,Very High
35.56079999999997,45.364699999999985,0.46098951833914215,0.46098951833914215,90,Very High
35.56079999999997,45.37469999999998,0.5260232006940393,0.5260232006940393,90,Very High
35.56079999999997,45.38469999999998,0.9073545809403514,0.9073545809403514,40,Low
35.56079999999997,45.39469999999998,0.5842922602486007,0.5842922602486007,90,Very High
35.56079999999997,45.40469999999998,1.0,1.0,40,Low
35.56079999999997,45.414699999999975,1.0,1.0,40,Low
35.56079999999997,45.42469999999997,1.0,1.0,40,Low
35.56079999999997,45.43469999999997,1.0,1.0,40,Low
35.56079999999997,45.44469999999997,1.0,1.0,40,Low
35.56079999999997,45.45469999999997,1.0,1.0,40,Low
35.56079999999997,45.464699999999965,0.8473347716500444,0.8473347716500444,70,High
35.56079999999997,45.47469999999996,0.9095108974370689,0.9095108974370689,40,Low
35.56079999999997,45.48469999999996,0.8950505480966189,0.8950505480966189,70,High
35.56079999999997,45.49469999999996,0.5768780666769852,0.5768780666769852,90,Very High
35.56079999999997,45.50469999999996,0.611277674848441,0.611277674848441,90,Very High
35.56079999999997,45.514699999999955,0.622980768170728,0.622980768170728,90,Very High
35.56079999999997,45.52469999999995,0.4885026264653662,0.4885026264653662,90,Very High
35.56079999999997,45.53469999999995,0.44692557874794747,0.44692557874794747,90,Very High
35.56079999999997,45.54469999999995,0.5931829289917702,0.5931829289917702,90,Very High
35.56079999999997,45.55469999999995,0.20506370427953385,0.20506370427953385,60,Moderate
35.56079999999997,45.564699999999945,0.515899115019639,0.515899115019639,90,Very High
35.56079999999997,45.57469999999994,0.3255725563464965,0.3255725563464965,90,Very High
35.56079999999997,45.58469999999994,0.15973797569708992,0.15973797569708992,60,Moderate
35.57079999999997,45.2847,0.34708089863745045,0.34708089863745045,90,Very High
35.57079999999997,45.2947,0.27535657945385,0.27535657945385,60,Moderate
35.57079999999997,45.3047,0.4373059307361026,0.4373059307361026,90,Very High
35.57079999999997,45.314699999999995,0.41933948658736653,0.41933948658736653,90,Very High
35.57079999999997,45.32469999999999,0.5305490349801512,0.5305490349801512,90,Very High
35.57079999999997,45.33469999999999,0.6229413770444462,0.6229413770444462,90,Very High
35.57079999999997,45.34469999999999,0.5993083774922532,0.5993083774922532,90,Very High
35.57079999999997,45.35469999999999,0.6890122594810765,0.6890122594810765,90,Very High
35.57079999999997,45.364699999999985,0.7492702125021358,0.7492702125021358,70,High
35.57079999999997,45.37469999999998,0.7839853493264372,0.7839853493264372,70,High
35.57079999999997,45.38469999999998,0.8688079190220627,0.8688079190220627,70,High
35.57079999999997,45.39469999999998,0.7937514731534653,0.7937514731534653,70,High
35.57079999999997,45.40469999999998,1.0,1.0,40,Low
35.57079999999997,45.414699999999975,1.0,1.0,40,Low
35.57079999999997,45.42469999999997,1.0,1.0,40,Low
35.57079999999997,45.43469999999997,1.0,1.0,40,Low
35.57079999999997,45.44469999999997,0.7172588793348282,0.7172588793348282,70,High
35.57079999999997,45.45469999999997,0.9394724059479465,0.9394724059479465,40,Low
35.57079999999997,45.464699999999965,0.8264981577711474,0.8264981577711474,70,High
35.57079999999997,45.47469999999996,0.8783488584984851,0.8783488584984851,70,High
35.57079999999997,45.48469999999996,0.686633935164725,0.686633935164725,90,Very High
35.57079999999997,45.49469999999996,0.8266252368624124,0.8266252368624124,70,High
35.57079999999997,45.50469999999996,0.7535348546487981,0.7535348546487981,70,High
35.57079999999997,45.514699999999955,0.5335235072496769,0.5335235072496769,90,Very High
35.57079999999997,45.52469999999995,0.5445137131611841,0.5445137131611841,90,Very High
35.57079999999997,45.53469999999995,0.508734085886213,0.508734085886213,90,Very High
35.57079999999997,45.54469999999995,0.44649050921825323,0.44649050921825323,90,Very High
35.57079999999997,45.55469999999995,0.3912205382902278,0.3912205382902278,90,Very High
35.57079999999997,45.564699999999945,0.21286454402545868,0.21286454402545868,60,Moderate
35.57079999999997,45.57469999999994,0.17850130890193422,0.17850130890193422,60,Moderate
35.57079999999997,45.58469999999994,0.0,0.0,20,Very Low
35.58079999999997,45.2847,0.2782765356228171,0.2782765356228171,60,Moderate
35.58079999999997,45.2947,0.303361285710549,0.303361285710549,90,Very High
35.58079999999997,45.3047,0.2994922568921528,0.2994922568921528,60,Moderate
35.58079999999997,45.314699999999995,0.5428667894448511,0.5428667894448511,90,Very High
35.58079999999997,45.32469999999999,0.47054377689595733,0.47054377689595733,90,Very High
35.58079999999997,45.33469999999999,0.7131453679570363,0.7131453679570363,70,High
35.58079999999997,45.34469999999999,0.48964085342509245,0.48964085342509245,90,Very High
35.58079999999997,45.35469999999999,0.47528136140627686,0.47528136140627686,90,Very High
35.58079999999997,45.364699999999985,0.6266976174882425,0.6266976174882425,90,Very High
35.58079999999997,45.37469999999998,0.5496722002572416,0.5496722002572416,90,Very High
35.58079999999997,45.38469999999998,0.7304650080387279,0.7304650080387279,70,High
35.58079999999997,45.39469999999998,0.7912110253327677,0.7912110253327677,70,High
35.58079999999997,45.40469999999998,0.9300912038157616,0.9300912038157616,40,Low
35.58079999999997,45.414699999999975,1.0,1.0,40,Low
35.58079999999997,45.42469999999997,1.0,1.0,40,Low
35.58079999999997,45.43469999999997,1.0,1.0,40,Low
35.58079999999997,45.44469999999997,0.9252956388305994,0.9252956388305994,40,Low
35.58079999999997,45.45469999999997,1.0,1.0,40,Low
35.58079999999997,45.464699999999965,0.7890086397180627,0.7890086397180627,70,High
35.58079999999997,45.47469999999996,0.6340952154844375,0.6340952154844375,90,Very High
35.58079999999997,45.48469999999996,0.5688918110084548,0.5688918110084548,90,Very High
35.58079999999997,45.49469999999996,0.5807422268771961,0.5807422268771961,90,Very High
35.58079999999997,45.50469999999996,0.6532470380696384,0.6532470380696384,90,Very High
35.58079999999997,45.514699999999955,0.5651340102962011,0.5651340102962011,90,Very High
35.58079999999997,45.52469999999995,0.4555755992897205,0.4555755992897205,90,Very High
35.58079999999997,45.53469999999995,0.40045830718575176,0.40045830718575176,90,Very High
35.58079999999997,45.54469999999995,0.3384279240122014,0.3384279240122014,90,Very High
35.58079999999997,45.55469999999995,0.502882583909851,0.502882583909851,90,Very High
35.58079999999997,45.564699999999945,0.43356779790392264,0.43356779790392264,90,Very High
35.58079999999997,45.57469999999994,0.19062828916315183,0.19062828916315183,60,Moderate
35.58079999999997,45.58469999999994,0.34481307416609835,0.34481307416609835,90,Very High
35.590799999999966,45.2847,0.26826050833268583,0.26826050833268583,60,Moderate
35.590799999999966,45.2947,0.1869456633758393,0.1869456633758393,60,Moderate
35.590799999999966,45.3047,0.3057715375454772,0.3057715375454772,90,Very High
35.590799999999966,45.314699999999995,0.48702545445514156,0.48702545445514156,90,Very High
35.590799999999966,45.32469999999999,0.4480114000080161,0.4480114000080161,90,Very High
35.590799999999966,45.33469999999999,0.40044283508983713,0.40044283508983713,90,Very High
35.590799999999966,45.34469999999999,0.43466098215479704,0.43466098215479704,90,Very High
35.590799999999966,45.35469999999999,0.4369000877377289,0.4369000877377289,90,Very High
35.590799999999966,45.364699999999985,0.6125107655420049,0.6125107655420049,90,Very High
35.590799999999966,45.37469999999998,0.773208561589086,0.773208561589086,70,High
35.590799999999966,45.38469999999998,0.7077936440277672,0.7077936440277672,70,High
35.590799999999966,45.39469999999998,0.7876598043026847,0.7876598043026847,70,High
35.590799999999966,45.40469999999998,0.7747242309204024,0.7747242309204024,70,High
35.590799999999966,45.414699999999975,0.7712653910757621,0.7712653910757621,70,High
35.590799999999966,45.42469999999997,0.9644279967513717,0.9644279967513717,40,Low
35.590799999999966,45.43469999999997,0.7225746410064274,0.7225746410064274,70,High
35.590799999999966,45.44469999999997,1.0,1.0,40,Low
35.590799999999966,45.45469999999997,0.8465614428140197,0.8465614428140197,70,High
35.590799999999966,45.464699999999965,0.6678747109171725,0.6678747109171725,90,Very High
35.590799999999966,45.47469999999996,0.7341882964748251,0.7341882964748251,70,High
35.590799999999966,45.48469999999996,0.649919715703175,0.649919715703175,90,Very High
35.590799999999966,45.49469999999996,0.5078210898063077,0.5078210898063077,90,Very High
35.590799999999966,45.50469999999996,0.7526497611152383,0.7526497611152383,70,High
35.590799999999966,45.514699999999955,0.6692310547986864,0.6692310547986864,90,Very High
35.590799999999966,45.52469999999995,0.3083179066908558,0.3083179066908558,90,Very High
35.590799999999966,45.53469999999995,0.5987643552587306,0.5987643552587306,90,Very High
35.590799999999966,45.54469999999995,0.5607473595132773,0.5607473595132773,90,Very High
35.590799999999966,45.55469999999995,0.2227014659633835,0.2227014659633835,60,Moderate
35.590799999999966,45.564699999999945,0.24299900266587987,0.24299900266587987,60,Moderate
35.590799999999966,45.57469999999994,0.2778785910881062,0.2778785910881062,60,Moderate
35.590799999999966,45.58469999999994,0.2745161354619314,0.2745161354619314,60,Moderate
35.600799999999964,45.2847,0.16813635864399135,0.16813635864399135,60,Moderate
35.600799999999964,45.2947,0.2611692167498787,0.2611692167498787,60,Moderate
35.600799999999964,45.3047,0.25085322627368467,0.25085322627368467,60,Moderate
35.600799999999964,45.314699999999995,0.5000909698240096,0.5000909698240096,90,Very High
35.600799999999964,45.32469999999999,0.39100813660339045,0.39100813660339045,90,Very High
35.600799999999964,45.33469999999999,0.5132678392098783,0.5132678392098783,90,Very High
35.600799999999964,45.34469999999999,0.5459046558822866,0.5459046558822866,90,Very High
35.600799999999964,45.35469999999999,0.3589680012556371,0.3589680012556371,90,Very High
35.600799999999964,45.364699999999985,0.5880405945089415,0.5880405945089415,90,Very High
35.600799999999964,45.37469999999998,0.5268714137948391,0.5268714137948391,90,Very High
35.600799999999964,45.38469999999998,0.7355628940699804,0.7355628940699804,70,High
35.600799999999964,45.39469999999998,0.6114196314063814,0.6114196314063814,90,Very High
35.600799999999964,45.40469999999998,0.7185774383030741,0.7185774383030741,70,High
35.600799999999964,45.414699999999975,0.7259281225875235,0.7259281225875235,70,High
35.600799999999964,45.42469999999997,0.9541178223223629,0.9541178223223629,40,Low
35.600799999999964,45.43469999999997,0.7268054837962938,0.7268054837962938,70,High
35.600799999999964,45.44469999999997,0.7274223065724131,0.7274223065724131,70,High
35.600799999999964,45.45469999999997,0.8246614932565419,0.8246614932565419,70,High
35.600799999999964,45.464699999999965,0.680050080187211,0.680050080187211,90,Very High
35.600799999999964,45.47469999999996,0.6590551565003693,0.6590551565003693,90,Very High
35.600799999999964,45.48469999999996,0.8172056749756561,0.8172056749756561,70,High
35.600799999999964,45.49469999999996,0.787913242133702,0.787913242133702,70,High
35.600799999999964,45.50469999999996,0.510801547234031,0.510801547234031,90,Very High
35.600799999999964,45.514699999999955,0.6077814196930282,0.6077814196930282,90,Very High
35.600799999999964,45.52469999999995,0.5805415294308147,0.5805415294308147,90,Very High
35.600799999999964,45.53469999999995,0.3133447362228331,0.3133447362228331,90,Very High
35.600799999999964,45.54469999999995,0.3683309435925187,0.3683309435925187,90,Very High
35.600799999999964,45.55469999999995,0.3214056245199774,0.3214056245199774,90,Very High
35.600799999999964,45.564699999999945,0.20814620526924818,0.20814620526924818,60,Moderate
35.600799999999964,45.57469999999994,0.07818559804947858,0.07818559804947858,20,Very Low
35.600799999999964,45.58469999999994,0.17921809763149074,0.17921809763149074,60,Moderate
35.61079999999996,45.2847,0.4007161894428334,0.4007161894428334,90,Very High
35.61079999999996,45.2947,0.18251072600215962,0.18251072600215962,60,Moderate
35.61079999999996,45.3047,0.3368367282638945,0.3368367282638945,90,Very High
35.61079999999996,45.314699999999995,0.39289018465085535,0.39289018465085535,90,Very High
35.61079999999996,45.32469999999999,0.48933897167244494,0.48933897167244494,90,Very High
35.61079999999996,45.33469999999999,0.5121662431582779,0.5121662431582779,90,Very High
35.61079999999996,45.34469999999999,0.5163236585630596,0.5163236585630596,90,Very High
35.61079999999996,45.35469999999999,0.5149295410872213,0.5149295410872213,90,Very High
35.61079999999996,45.364699999999985,0.6613949180335029,0.6613949180335029,90,Very High
35.61079999999996,45.37469999999998,0.5668925673249787,0.5668925673249787,90,Very High
35.61079999999996,45.38469999999998,0.7981654226586983,0.7981654226586983,70,High
35.61079999999996,45.39469999999998,0.7322099609788635,0.7322099609788635,70,High
35.61079999999996,45.40469999999998,0.619711466972138,0.619711466972138,90,Very High
35.61079999999996,45.414699999999975,0.6884716968562326,0.6884716968562326,90,Very High
35.61079999999996,45.42469999999997,0.67535017694111,0.67535017694111,90,Very High
35.61079999999996,45.43469999999997,0.6183043670727768,0.6183043670727768,90,Very High
35.61079999999996,45.44469999999997,0.75066432838847,0.75066432838847,70,High
35.61079999999996,45.45469999999997,0.5798741422150816,0.5798741422150816,90,Very High
35.61079999999996,45.464699999999965,0.65489684036318,0.65489684036318,90,Very High
35.61079999999996,45.47469999999996,0.6520228688574349,0.6520228688574349,90,Very High
35.61079999999996,45.48469999999996,0.6824557057875897,0.6824557057875897,90,Very High
35.61079999999996,45.49469999999996,0.6181193701116612,0.6181193701116612,90,Very High
35.61079999999996,45.50469999999996,0.4867149796471476,0.4867149796471476,90,Very High
35.61079999999996,45.514699999999955,0.5784815400403375,0.5784815400403375,90,Very High
35.61079999999996,45.52469999999995,0.5418437705416724,0.5418437705416724,90,Very High
35.61079999999996,45.53469999999995,0.6616938373162387,0.6616938373162387,90,Very High
35.61079999999996,45.54469999999995,0.4786958068074894,0.4786958068074894,90,Very High
35.61079999999996,45.55469999999995,0.4055253799113077,0.4055253799113077,90,Very High
35.61079999999996,45.564699999999945,0.3238127113972628,0.3238127113972628,90,Very High
35.61079999999996,45.57469999999994,0.2610833045937102,0.2610833045937102,60,Moderate
35.61079999999996,45.58469999999994,0.013181596045918204,0.013181596045918204,20,Very Low
35.62079999999996,45.2847,0.0946452242274459,0.0946452242274459,20,Very Low
35.62079999999996,45.2947,0.3932881885354679,0.3932881885354679,90,Very High
35.62079999999996,45.3047,0.1490784780821455,0.1490784780821455,60,Moderate
35.62079999999996,45.314699999999995,0.46055623957326497,0.46055623957326497,90,Very High
35.62079999999996,45.32469999999999,0.30738315330702676,0.30738315330702676,90,Very High
35.62079999999996,45.33469999999999,0.5272411897662816,0.5272411897662816,90,Very High
35.62079999999996,45.34469999999999,0.40727810793914154,0.40727810793914154,90,Very High
35.62079999999996,45.35469999999999,0.5195978650294357,0.5195978650294357,90,Very High
35.62079999999996,45.364699999999985,0.46726979429625426,0.46726979429625426,90,Very High
35.62079999999996,45.37469999999998,0.6413067266277047,0.6413067266277047,90,Very High
35.62079999999996,45.38469999999998,0.6210102018994724,0.6210102018994724,90,Very High
35.62079999999996,45.39469999999998,0.6871169655208251,0.6871169655208251,90,Very High
35.62079999999996,45.40469999999998,0.8855776802416168,0.8855776802416168,70,High
35.62079999999996,45.414699999999975,0.7864192057628681,0.7864192057628681,70,High
35.62079999999996,45.42469999999997,0.5831708534904387,0.5831708534904387,90,Very High
35.62079999999996,45.43469999999997,0.7907178979520252,0.7907178979520252,70,High
35.62079999999996,45.44469999999997,0.7376629580336905,0.7376629580336905,70,High
35.62079999999996,45.45469999999997,0.6119387934044141,0.6119387934044141,90,Very High
35.62079999999996,45.464699999999965,0.5846844708216077,0.5846844708216077,90,Very High
35.62079999999996,45.47469999999996,0.6308831780278031,0.6308831780278031,90,Very High
35.62079999999996,45.48469999999996,0.641583159334199,0.641583159334199,90,Very High
35.62079999999996,45.49469999999996,0.407747162620372,0.407747162620372,90,Very High
35.62079999999996,45.50469999999996,0.5605127787390239,0.5605127787390239,90,Very High
35.62079999999996,45.514699999999955,0.4416044986421811,0.4416044986421811,90,Very High
35.62079999999996,45.52469999999995,0.4299164870674297,0.4299164870674297,90,Very High
35.62079999999996,45.53469999999995,0.4193577235086159,0.4193577235086159,90,Very High
35.62079999999996,45.54469999999995,0.5239609931119726,0.5239609931119726,90,Very High
35.62079999999996,45.55469999999995,0.33097395682559855,0.33097395682559855,90,Very High
35.62079999999996,45.564699999999945,0.08525587420149708,0.08525587420149708,20,Very Low
35.62079999999996,45.57469999999994,0.13706345383002258,0.13706345383002258,60,Moderate
35.62079999999996,45.58469999999994,0.15192737085358024,0.15192737085358024,60,Moderate
35.63079999999996,45.2847,0.10591098785799591,0.10591098785799591,60,Moderate
35.63079999999996,45.2947,0.250861600783038,0.250861600783038,60,Moderate
35.63079999999996,45.3047,0.2564293719409542,0.2564293719409542,60,Moderate
35.63079999999996,45.314699999999995,0.3965311836275513,0.3965311836275513,90,Very High
35.63079999999996,45.32469999999999,0.37625793708254673,0.37625793708254673,90,Very High
35.63079999999996,45.33469999999999,0.4497564354905673,0.4497564354905673,90,Very High
35.63079999999996,45.34469999999999,0.3847074684178174,0.3847074684178174,90,Very High
35.63079999999996,45.35469999999999,0.4830116827836828,0.4830116827836828,90,Very High
35.63079999999996,45.364699999999985,0.45381521870923125,0.45381521870923125,90,Very High
35.63079999999996,45.37469999999998,0.756137361857208,0.756137361857208,70,High
35.63079999999996,45.38469999999998,0.5277682687032228,0.5277682687032228,90,Very High
35.63079999999996,45.39469999999998,0.579643986316124,0.579643986316124,90,Very High
35.63079999999996,45.40469999999998,0.4656913275249316,0.4656913275249316,90,Very High
35.63079999999996,45.414699999999975,0.689209004807101,0.689209004807101,90,Very High
35.63079999999996,45.42469999999997,0.7329995184424394,0.7329995184424394,70,High
35.63079999999996,45.43469999999997,0.4765840179568409,0.4765840179568409,90,Very High
35.63079999999996,45.44469999999997,0.6639171304014502,0.6639171304014502,90,Very High
35.63079999999996,45.45469999999997,0.6071747521286156,0.6071747521286156,90,Very High
35.63079999999996,45.464699999999965,0.7453296508043272,0.7453296508043272,70,High
35.63079999999996,45.47469999999996,0.5761242083578588,0.5761242083578588,90,Very High
35.63079999999996,45.48469999999996,0.5191397878001422,0.5191397878001422,90,Very High
35.63079999999996,45.49469999999996,0.45063076428035054,0.45063076428035054,90,Very High
35.63079999999996,45.50469999999996,0.45250440121924407,0.45250440121924407,90,Very High
35.63079999999996,45.514699999999955,0.26692653290046076,0.26692653290046076,60,Moderate
35.63079999999996,45.52469999999995,0.5081402992550469,0.5081402992550469,90,Very High
35.63079999999996,45.53469999999995,0.5036081196420735,0.5036081196420735,90,Very High
35.63079999999996,45.54469999999995,0.6246914778912656,0.6246914778912656,90,Very High
35.63079999999996,45.55469999999995,0.2566359204748184,0.2566359204748184,60,Moderate
35.63079999999996,45.564699999999945,0.21975763931264078,0.21975763931264078,60,Moderate
35.63079999999996,45.57469999999994,0.26455484705983834,0.26455484705983834,60,Moderate
35.63079999999996,45.58469999999994,0.10074223073527,0.10074223073527,60,Moderate
35.640799999999956,45.2847,0.05067352464205983,0.05067352464205983,20,Very Low
35.640799999999956,45.2947,0.15064033011756983,0.15064033011756983,60,Moderate
35.640799999999956,45.3047,0.32217782183406424,0.32217782183406424,90,Very High
35.640799999999956,45.314699999999995,0.2511161738313221,0.2511161738313221,60,Moderate
35.640799999999956,45.32469999999999,0.15097798730017742,0.15097798730017742,60,Moderate
35.640799999999956,45.33469999999999,0.3561144804430979,0.3561144804430979,90,Very High
35.640799999999956,45.34469999999999,0.2877376935502092,0.2877376935502092,60,Moderate
35.640799999999956,45.35469999999999,0.5154112981302912,0.5154112981302912,90,Very High
35.640799999999956,45.364699999999985,0.3324280411910827,0.3324280411910827,90,Very High
35.640799999999956,45.37469999999998,0.6674808849068679,0.6674808849068679,90,Very High
35.640799999999956,45.38469999999998,0.46713150977172585,0.46713150977172585,90,Very High
35.640799999999956,45.39469999999998,0.6957420067689207,0.6957420067689207,90,Very High
35.640799999999956,45.40469999999998,0.5787380414146294,0.5787380414146294,90,Very High
35.640799999999956,45.414699999999975,0.6211520014961877,0.6211520014961877,90,Very High
35.640799999999956,45.42469999999997,0.4111220444630619,0.4111220444630619,90,Very High
35.640799999999956,45.43469999999997,0.706502576180625,0.706502576180625,70,High
35.640799999999956,45.44469999999997,0.43276294336281945,0.43276294336281945,90,Very High
35.640799999999956,45.45469999999997,0.6771319098107147,0.6771319098107147,90,Very High
35.640799999999956,45.464699999999965,0.5536807359489347,0.5536807359489347,90,Very High
35.640799999999956,45.47469999999996,0.4535803663830617,0.4535803663830617,90,Very High
35.640799999999956,45.48469999999996,0.5622616911164269,0.5622616911164269,90,Very High
35.640799999999956,45.49469999999996,0.6003094507345522,0.6003094507345522,90,Very High
35.640799999999956,45.50469999999996,0.29241172312370084,0.29241172312370084,60,Moderate
35.640799999999956,45.514699999999955,0.4790956333878431,0.4790956333878431,90,Very High
35.640799999999956,45.52469999999995,0.45759596055204355,0.45759596055204355,90,Very High
35.640799999999956,45.53469999999995,0.18074312654905642,0.18074312654905642,60,Moderate
35.640799999999956,45.54469999999995,0.3574925289989915,0.3574925289989915,90,Very High
35.640799999999956,45.55469999999995,0.12678890309474244,0.12678890309474244,60,Moderate
35.640799999999956,45.564699999999945,0.1876842305290628,0.1876842305290628,60,Moderate
35.640799999999956,45.57469999999994,0.1520611020616239,0.1520611020616239,60,Moderate
35.640799999999956,45.58469999999994,0.2894363075877655,0.2894363075877655,60,Moderate
35.650799999999954,45.2847,0.11271263904957002,0.11271263904957002,60,Moderate
35.650799999999954,45.2947,0.19066407860319406,0.19066407860319406,60,Moderate
35.650799999999954,45.3047,0.47721588813846383,0.47721588813846383,90,Very High
35.650799999999954,45.314699999999995,0.4135686849725375,0.4135686849725375,90,Very High
35.650799999999954,45.32469999999999,0.3524733169194469,0.3524733169194469,90,Very High
35.650799999999954,45.33469999999999,0.32090072473652675,0.32090072473652675,90,Very High
35.650799999999954,45.34469999999999,0.4214693110486007,0.4214693110486007,90,Very High
35.650799999999954,45.35469999999999,0.3923440105273728,0.3923440105273728,90,Very High
35.650799999999954,45.364699999999985,0.15808896159867764,0.15808896159867764,60,Moderate
35.650799999999954,45.37469999999998,0.21540112380275397,0.21540112380275397,60,Moderate
35.650799999999954,45.38469999999998,0.44990650515640346,0.44990650515640346,90,Very High
35.650799999999954,45.39469999999998,0.6488270771463333,0.6488270771463333,90,Very High
35.650799999999954,45.40469999999998,0.48128950826709127,0.48128950826709127,90,Very High
35.650799999999954,45.414699999999975,0.4219164965072739,0.4219164965072739,90,Very High
35.650799999999954,45.42469999999997,0.45729641688188516,0.45729641688188516,90,Very High
35.650799999999954,45.43469999999997,0.5114862420393825,0.5114862420393825,90,Very High
35.650799999999954,45.44469999999997,0.5986701291570279,0.5986701291570279,90,Very High
35.650799999999954,45.45469999999997,0.697319957999329,0.697319957999329,90,Very High
35.650799999999954,45.464699999999965,0.5056576643311262,0.5056576643311262,90,Very High
35.650799999999954,45.47469999999996,0.47588338571772626,0.47588338571772626,90,Very High
35.650799999999954,45.48469999999996,0.5373099543640997,0.5373099543640997,90,Very High
35.650799999999954,45.49469999999996,0.6190016753807559,0.6190016753807559,90,Very High
35.650799999999954,45.50469999999996,0.32261545508080697,0.32261545508080697,90,Very High
35.650799999999954,45.514699999999955,0.3483277131305482,0.3483277131305482,90,Very High
35.650799999999954,45.52469999999995,0.3827071528124058,0.3827071528124058,90,Very High
35.650799999999954,45.53469999999995,0.39015881060955415,0.39015881060955415,90,Very High
35.650799999999954,45.54469999999995,0.3788653973911923,0.3788653973911923,90,Very High
35.650799999999954,45.55469999999995,0.35113663517827887,0.35113663517827887,90,Very High
35.650799999999954,45.564699999999945,0.3154060976692652,0.3154060976692652,90,Very High
35.650799999999954,45.57469999999994,0.18997707464677802,0.18997707464677802,60,Moderate
35.650799999999954,45.58469999999994,0.15607925774590709,0.15607925774590709,60,Moderate
35.66079999999995,45.2847,0.14802206893092154,0.14802206893092154,60,Moderate
35.66079999999995,45.2947,0.30828556111599364,0.30828556111599364,90,Very High
35.66079999999995,45.3047,0.13068167907553427,0.13068167907553427,60,Moderate
35.66079999999995,45.314699999999995,0.2069790620505406,0.2069790620505406,60,Moderate
35.66079999999995,45.32469999999999,0.5321367967846659,0.5321367967846659,90,Very High
35.66079999999995,45.33469999999999,0.0694987237636504,0.0694987237636504,20,Very Low
35.66079999999995,45.34469999999999,0.37587975708852545,0.37587975708852545,90,Very High
35.66079999999995,45.35469999999999,0.4017193778165795,0.4017193778165795,90,Very High
35.66079999999995,45.364699999999985,0.5833768252777052,0.5833768252777052,90,Very High
35.66079999999995,45.37469999999998,0.39586062046717857,0.39586062046717857,90,Very High
35.66079999999995,45.38469999999998,0.33524871026684216,0.33524871026684216,90,Very High
35.66079999999995,45.39469999999998,0.456843744647198,0.456843744647198,90,Very High
35.66079999999995,45.40469999999998,0.3499425205482201,0.3499425205482201,90,Very High
35.66079999999995,45.414699999999975,0.501133437872621,0.501133437872621,90,Very High
35.66079999999995,45.42469999999997,0.4465834131870538,0.4465834131870538,90,Very High
35.66079999999995,45.43469999999997,0.417238472805887,0.417238472805887,90,Very High
35.66079999999995,45.44469999999997,0.41273790603062466,0.41273790603062466,90,Very High
35.66079999999995,45.45469999999997,0.348271048330588,0.348271048330588,90,Very High
35.66079999999995,45.464699999999965,0.5889391491370771,0.5889391491370771,90,Very High
35.66079999999995,45.47469999999996,0.34477087549340063,0.34477087549340063,90,Very High
35.66079999999995,45.48469999999996,0.4438486486437556,0.4438486486437556,90,Very High
35.66079999999995,45.49469999999996,0.4661516412375672,0.4661516412375672,90,Very High
35.66079999999995,45.50469999999996,0.42313461762299376,0.42313461762299376,90,Very High
35.66079999999995,45.514699999999955,0.6169436426486871,0.6169436426486871,90,Very High
35.66079999999995,45.52469999999995,0.45500020753363757,0.45500020753363757,90,Very High
35.66079999999995,45.53469999999995,0.3053157869205573,0.3053157869205573,90,Very High
35.66079999999995,45.54469999999995,0.28639841956184664,0.28639841956184664,60,Moderate
35.66079999999995,45.55469999999995,0.2380098079825081,0.2380098079825081,60,Moderate
35.66079999999995,45.564699999999945,0.25281623747527565,0.25281623747527565,60,Moderate
35.66079999999995,45.57469999999994,0.0,0.0,20,Very Low
35.66079999999995,45.58469999999994,0.06081155987319531,0.06081155987319531,20,Very Low
35.67079999999995,45.2847,0.0,0.0,20,Very Low
35.67079999999995,45.2947,0.25379045983954596,0.25379045983954596,60,Moderate
35.67079999999995,45.3047,0.1836060834610364,0.1836060834610364,60,Moderate
35.67079999999995,45.314699999999995,0.361680844141982,0.361680844141982,90,Very High
35.67079999999995,45.32469999999999,0.1157189122286349,0.1157189122286349,60,Moderate
35.67079999999995,45.33469999999999,0.36385227811807375,0.36385227811807375,90,Very High
35.67079999999995,45.34469999999999,0.3463770824497975,0.3463770824497975,90,Very High
35.67079999999995,45.35469999999999,0.2599431495519311,0.2599431495519311,60,Moderate
35.67079999999995,45.364699999999985,0.36894069757805886,0.36894069757805886,90,Very High
35.67079999999995,45.37469999999998,0.40159478701168505,0.40159478701168505,90,Very High
35.67079999999995,45.38469999999998,0.4016808562901863,0.4016808562901863,90,Very High
35.67079999999995,45.39469999999998,0.3935831908371712,0.3935831908371712,90,Very High
35.67079999999995,45.40469999999998,0.36274558875604024,0.36274558875604024,90,Very High
35.67079999999995,45.414699999999975,0.34661235391023154,0.34661235391023154,90,Very High
35.67079999999995,45.42469999999997,0.5556099386884472,0.5556099386884472,90,Very High
35.67079999999995,45.43469999999997,0.42170553678210737,0.42170553678210737,90,Very High
35.67079999999995,45.44469999999997,0.32136547151776557,0.32136547151776557,90,Very High
35.67079999999995,45.45469999999997,0.5046801925945011,0.5046801925945011,90,Very High
35.67079999999995,45.464699999999965,0.2990844212353235,0.2990844212353235,60,Moderate
35.67079999999995,45.47469999999996,0.4502292402112495,0.4502292402112495,90,Very High
35.67079999999995,45.48469999999996,0.3481005419470629,0.3481005419470629,90,Very High
35.67079999999995,45.49469999999996,0.49814785878600787,0.49814785878600787,90,Very High
35.67079999999995,45.50469999999996,0.44692713252449284,0.44692713252449284,90,Very High
35.67079999999995,45.514699999999955,0.2333326774439033,0.2333326774439033,60,Moderate
35.67079999999995,45.52469999999995,0.2825949477256949,0.2825949477256949,60,Moderate
35.67079999999995,45.53469999999995,0.3721541679180043,0.3721541679180043,90,Very High
35.67079999999995,45.54469999999995,0.00164238356411181,0.00164238356411181,20,Very Low
35.67079999999995,45.55469999999995,0.17971104958597678,0.17971104958597678,60,Moderate
35.67079999999995,45.564699999999945,0.22886704213502923,0.22886704213502923,60,Moderate
35.67079999999995,45.57469999999994,0.052116151739031134,0.052116151739031134,20,Very Low
35.67079999999995,45.58469999999994,0.03352147091723407,0.03352147091723407,20,Very Low
35.68079999999995,45.2847,0.16672539599256783,0.16672539599256783,60,Moderate
35.68079999999995,45.2947,0.0,0.0,20,Very Low
35.68079999999995,45.3047,0.1663309799352543,0.1663309799352543,60,Moderate
35.68079999999995,45.314699999999995,0.06611345810291092,0.06611345810291092,20,Very Low
35.68079999999995,45.32469999999999,0.25255119124803294,0.25255119124803294,60,Moderate
35.68079999999995,45.33469999999999,0.3076825003191801,0.3076825003191801,90,Very High
35.68079999999995,45.34469999999999,0.12933234039368166,0.12933234039368166,60,Moderate
35.68079999999995,45.35469999999999,0.3786624061561561,0.3786624061561561,90,Very High
35.68079999999995,45.364699999999985,0.17212546432807738,0.17212546432807738,60,Moderate
35.68079999999995,45.37469999999998,0.37386370098355115,0.37386370098355115,90,Very High
35.68079999999995,45.38469999999998,0.3541244053243367,0.3541244053243367,90,Very High
35.68079999999995,45.39469999999998,0.2693525155336599,0.2693525155336599,60,Moderate
35.68079999999995,45.40469999999998,0.27214374981929124,0.27214374981929124,60,Moderate
35.68079999999995,45.414699999999975,0.3369872815127002,0.3369872815127002,90,Very High
35.68079999999995,45.42469999999997,0.542147576449558,0.542147576449558,90,Very High
35.68079999999995,45.43469999999997,0.36560640538101097,0.36560640538101097,90,Very High
35.68079999999995,45.44469999999997,0.41211154095716757,0.41211154095716757,90,Very High
35.68079999999995,45.45469999999997,0.4609655005284541,0.4609655005284541,90,Very High
35.68079999999995,45.464699999999965,0.30216187811688366,0.30216187811688366,90,Very High
35.68079999999995,45.47469999999996,0.32276281938749574,0.32276281938749574,90,Very High
35.68079999999995,45.48469999999996,0.5035974044375034,0.5035974044375034,90,Very High
35.68079999999995,45.49469999999996,0.26948523970058197,0.26948523970058197,60,Moderate
35.68079999999995,45.50469999999996,0.33233705900163085,0.33233705900163085,90,Very High
35.68079999999995,45.514699999999955,0.35505051984389085,0.35505051984389085,90,Very High
35.68079999999995,45.52469999999995,0.37441203284288144,0.37441203284288144,90,Very High
35.68079999999995,45.53469999999995,0.1887661459807276,0.1887661459807276,60,Moderate
35.68079999999995,45.54469999999995,0.24245133084971243,0.24245133084971243,60,Moderate
35.68079999999995,45.55469999999995,0.12080564468490944,0.12080564468490944,60,Moderate
35.68079999999995,45.564699999999945,0.12641214743599755,0.12641214743599755,60,Moderate
35.68079999999995,45.57469999999994,0.18943304680828604,0.18943304680828604,60,Moderate
35.68079999999995,45.58469999999994,0.046601131150940264,0.046601131150940264,20,Very Low
35.690799999999946,45.2847,0.12227564657869057,0.12227564657869057,60,Moderate
35.690799999999946,45.2947,0.0,0.0,20,Very Low
35.690799999999946,45.3047,0.0746516608046333,0.0746516608046333,20,Very Low
35.690799999999946,45.314699999999995,0.06739766955407744,0.06739766955407744,20,Very Low
35.690799999999946,45.32469999999999,0.23021285933435723,0.23021285933435723,60,Moderate
35.690799999999946,45.33469999999999,0.24074783253287418,0.24074783253287418,60,Moderate
35.690799999999946,45.34469999999999,0.1391039299019612,0.1391039299019612,60,Moderate
35.690799999999946,45.35469999999999,0.26778772355679165,0.26778772355679165,60,Moderate
35.690799999999946,45.364699999999985,0.14554316290995817,0.14554316290995817,60,Moderate
35.690799999999946,45.37469999999998,0.3260412754014458,0.3260412754014458,90,Very High
35.690799999999946,45.38469999999998,0.17069870141838092,0.17069870141838092,60,Moderate
35.690799999999946,45.39469999999998,0.4047403016333746,0.4047403016333746,90,Very High
35.690799999999946,45.40469999999998,0.32341912112812166,0.32341912112812166,90,Very High
35.690799999999946,45.414699999999975,0.28186133846575107,0.28186133846575107,60,Moderate
35.690799999999946,45.42469999999997,0.23177129407971053,0.23177129407971053,60,Moderate
35.690799999999946,45.43469999999997,0.23719819488051275,0.23719819488051275,60,Moderate
35.690799999999946,45.44469999999997,0.47472685532269737,0.47472685532269737,90,Very High
35.690799999999946,45.45469999999997,0.4347560139692556,0.4347560139692556,90,Very High
35.690799999999946,45.464699999999965,0.32637540123245057,0.32637540123245057,90,Very High
35.690799999999946,45.47469999999996,0.32703926148201834,0.32703926148201834,90,Very High
35.690799999999946,45.48469999999996,0.24562570917965715,0.24562570917965715,60,Moderate
35.690799999999946,45.49469999999996,0.27513856590871755,0.27513856590871755,60,Moderate
35.690799999999946,45.50469999999996,0.45808235972770295,0.45808235972770295,90,Very High
35.690799999999946,45.514699999999955,0.3747440060692933,0.3747440060692933,90,Very High
35.690799999999946,45.52469999999995,0.19410016561026758,0.19410016561026758,60,Moderate
35.690799999999946,45.53469999999995,0.2093530100252622,0.2093530100252622,60,Moderate
35.690799999999946,45.54469999999995,0.05036987237771895,0.05036987237771895,20,Very Low
35.690799999999946,45.55469999999995,0.22696939179415004,0.22696939179415004,60,Moderate
35.690799999999946,45.564699999999945,0.19390127460056333,0.19390127460056333,60,Moderate
35.690799999999946,45.57469999999994,0.0,0.0,20,Very Low
35.690799999999946,45.58469999999994,0.0,0.0,20,Very Low
35.700799999999944,45.2847,0.0,0.0,20,Very Low
35.700799999999944,45.2947,0.0,0.0,20,Very Low
35.700799999999944,45.3047,0.0,0.0,20,Very Low
35.700799999999944,45.314699999999995,0.0,0.0,20,Very Low
35.700799999999944,45.32469999999999,0.23764926859465593,0.23764926859465593,60,Moderate
35.700799999999944,45.33469999999999,0.09730693915765933,0.09730693915765933,20,Very Low
35.700799999999944,45.34469999999999,0.1594342941732376,0.1594342941732376,60,Moderate
35.700799999999944,45.35469999999999,0.28684743187909445,0.28684743187909445,60,Moderate
35.700799999999944,45.364699999999985,0.36781464001299474,0.36781464001299474,90,Very High
35.700799999999944,45.37469999999998,0.28274526603003985,0.28274526603003985,60,Moderate
35.700799999999944,45.38469999999998,0.3507286323594791,0.3507286323594791,90,Very High
35.700799999999944,45.39469999999998,0.10875326310977801,0.10875326310977801,60,Moderate
35.700799999999944,45.40469999999998,0.25538502961764176,0.25538502961764176,60,Moderate
35.700799999999944,45.414699999999975,0.3959685695420504,0.3959685695420504,90,Very High
35.700799999999944,45.42469999999997,0.23411483897341512,0.23411483897341512,60,Moderate
35.700799999999944,45.43469999999997,0.16193007729509423,0.16193007729509423,60,Moderate
35.700799999999944,45.44469999999997,0.5060909792210807,0.5060909792210807,90,Very High
35.700799999999944,45.45469999999997,0.36049181408841446,0.36049181408841446,90,Very High
35.700799999999944,45.464699999999965,0.43181538757649685,0.43181538757649685,90,Very High
35.700799999999944,45.47469999999996,0.2541309284504554,0.2541309284504554,60,Moderate
35.700799999999944,45.48469999999996,0.013844561382542114,0.013844561382542114,20,Very Low
35.700799999999944,45.49469999999996,0.13445044507172627,0.13445044507172627,60,Moderate
35.700799999999944,45.50469999999996,0.23770448800982802,0.23770448800982802,60,Moderate
35.700799999999944,45.514699999999955,0.18522442771345,0.18522442771345,60,Moderate
35.700799999999944,45.52469999999995,0.20821761747418294,0.20821761747418294,60,Moderate
35.700799999999944,45.53469999999995,0.2351402932602823,0.2351402932602823,60,Moderate
35.700799999999944,45.54469999999995,0.2368272586415146,0.2368272586415146,60,Moderate
35.700799999999944,45.55469999999995,0.0066896626178437335,0.0066896626178437335,20,Very Low
35.700799999999944,45.564699999999945,0.18404563017964834,0.18404563017964834,60,Moderate
35.700799999999944,45.57469999999994,0.03065158441968755,0.03065158441968755,20,Very Low
35.700799999999944,45.58469999999994,0.0,0.0,20,Very Low
35.71079999999994,45.2847,0.0,0.0,20,Very Low
35.71079999999994,45.2947,0.0,0.0,20,Very Low
35.71079999999994,45.3047,0.05839312972202603,0.05839312972202603,20,Very Low
35.71079999999994,45.314699999999995,0.0,0.0,20,Very Low
35.71079999999994,45.32469999999999,0.22470135415717626,0.22470135415717626,60,Moderate
35.71079999999994,45.33469999999999,0.055576799904507056,0.055576799904507056,20,Very Low
35.71079999999994,45.34469999999999,0.1148963980104414,0.1148963980104414,60,Moderate
35.71079999999994,45.35469999999999,0.09304696203713561,0.09304696203713561,20,Very Low
35.71079999999994,45.364699999999985,0.19152925239340096,0.19152925239340096,60,Moderate
35.71079999999994,45.37469999999998,0.2020595077702448,0.2020595077702448,60,Moderate
35.71079999999994,45.38469999999998,0.10814040126122826,0.10814040126122826,60,Moderate
35.71079999999994,45.39469999999998,0.18874339777658228,0.18874339777658228,60,Moderate
35.71079999999994,45.40469999999998,0.36410379949256594,0.36410379949256594,90,Very High
35.71079999999994,45.414699999999975,0.34483292544635225,0.34483292544635225,90,Very High
35.71079999999994,45.42469999999997,0.4686855514819803,0.4686855514819803,90,Very High
35.71079999999994,45.43469999999997,0.28986508266741745,0.28986508266741745,60,Moderate
35.71079999999994,45.44469999999997,0.23213225992249456,0.23213225992249456,60,Moderate
35.71079999999994,45.45469999999997,0.25226168179856195,0.25226168179856195,60,Moderate
35.71079999999994,45.464699999999965,0.16773220991345567,0.16773220991345567,60,Moderate
35.71079999999994,45.47469999999996,0.3035521500924889,0.3035521500924889,90,Very High
35.71079999999994,45.48469999999996,0.2783275464000182,0.2783275464000182,60,Moderate
35.71079999999994,45.49469999999996,0.2307194852192228,0.2307194852192228,60,Moderate
35.71079999999994,45.50469999999996,0.03209517507927778,0.03209517507927778,20,Very Low
35.71079999999994,45.514699999999955,0.10160230012653998,0.10160230012653998,60,Moderate
35.71079999999994,45.52469999999995,0.25301589739824126,0.25301589739824126,60,Moderate
35.71079999999994,45.53469999999995,0.1416631009497981,0.1416631009497981,60,Moderate
35.71079999999994,45.54469999999995,0.027954479024129883,0.027954479024129883,20,Very Low
35.71079999999994,45.55469999999995,0.05199315115269201,0.05199315115269201,20,Very Low
35.71079999999994,45.564699999999945,0.0,0.0,20,Very Low
35.71079999999994,45.57469999999994,0.011058523763929603,0.011058523763929603,20,Very Low
35.71079999999994,45.58469999999994,0.0,0.0,20,Very Low
