date,lat,lon,value,pollutant,units
2025-10-04,35.574758057948735,45.25350810129892,1.257313242491561,CO,mg/m³
2025-10-04,35.64022840258492,45.601034677482,1.4810929927991496,CO,mg/m³
2025-10-04,35.478307629326935,45.32183975198294,1.6004529212252334,CO,mg/m³
2025-10-04,35.481462261838004,45.37295244147221,0.5877427194884948,CO,mg/m³
2025-10-04,35.463059480725654,45.49374864211346,1.3594286487889677,CO,mg/m³
2025-10-04,35.5308855202577,45.383582789154886,1.3830992159920181,CO,mg/m³
2025-10-04,35.56845408205856,45.365542652937776,1.0386282088779586,CO,mg/m³
2025-10-04,35.612864960782986,45.596273779778414,0.988641206220783,CO,mg/m³
2025-10-04,35.611166353546835,45.271091305723154,3.1003703925784034,CO,mg/m³
2025-10-04,35.71218956628057,45.45635200223217,1.2447140915307697,CO,mg/m³
2025-10-04,35.54979153665426,45.31063427879862,1.6877728032192731,CO,mg/m³
2025-10-04,35.5902512205141,45.40189636729656,0.9332032235018629,CO,mg/m³
2025-10-04,35.48497910291174,45.56303529350478,2.7318853163622476,CO,mg/m³
2025-10-04,35.686883640791926,45.4540402470807,0.6237426584051609,CO,mg/m³
2025-10-04,35.621045719459794,45.61723954449617,1.5198501005179281,CO,mg/m³
2025-10-04,35.705873416777436,45.308840922464405,2.0495120266794906,CO,mg/m³
2025-10-04,35.40453540200817,45.35305763115783,1.0239105037643552,CO,mg/m³
2025-10-04,35.64007752198688,45.32018096216297,0.5030872457597421,CO,mg/m³
2025-10-04,35.40683702012248,45.486878521827805,1.4111321609067917,CO,mg/m³
2025-10-04,35.47828615659295,45.46048457029363,1.7965713628130144,CO,mg/m³
2025-10-04,35.66641337662161,45.31166126261788,1.5450947293041815,CO,mg/m³
2025-10-04,35.43260708749908,45.482261779671965,0.7845683866670164,CO,mg/m³
2025-10-04,35.65679446141347,45.343460691001916,0.9111395967814073,CO,mg/m³
2025-10-04,35.59346152821649,45.61282741576834,0.876248197266151,CO,mg/m³
2025-10-04,35.41252735274508,45.557595767791796,1.6729210393737604,CO,mg/m³
2025-10-04,35.6961149385101,45.29349218758836,2.2728067184946963,CO,mg/m³
2025-10-04,35.474069557964455,45.42524825019365,1.2539536469393833,CO,mg/m³
2025-10-04,35.68316230635305,45.340528530607784,1.5875322811870491,CO,mg/m³
2025-10-04,35.45821065318986,45.36495669415622,2.4802308799187824,CO,mg/m³
2025-10-04,35.434964164000625,45.52471291112807,1.267985711595577,CO,mg/m³
2025-10-04,35.71004348180905,45.26700173548306,0.2593090787817079,CO,mg/m³
2025-10-04,35.40368555724573,45.52137147729774,2.1653807374721885,CO,mg/m³
2025-10-04,35.43729778765923,45.60047658694839,0.8218989230122287,CO,mg/m³
2025-10-04,35.608207613103495,45.494901154726314,1.3321409722155586,CO,mg/m³
2025-10-04,35.652107568703364,45.59634538197804,1.4096007113695634,CO,mg/m³
2025-10-04,35.51678184529484,45.542909523629326,0.9469832157372815,CO,mg/m³
2025-10-04,35.50934052646643,45.40519541183313,1.0898058236887767,CO,mg/m³
2025-10-04,35.49947928321747,45.561241881384866,1.4275623490022926,CO,mg/m³
2025-10-04,35.48692240089024,45.500849420045895,1.5585974703799808,CO,mg/m³
2025-10-04,35.490309580902746,45.52215234561656,1.5595871842798927,CO,mg/m³
2025-10-04,35.56989717392204,45.58516034930585,0.7930481598544937,CO,mg/m³
2025-10-04,35.6912126192567,45.408672352971074,1.8813027648434482,CO,mg/m³
2025-10-04,35.413025332843624,45.57813164672515,1.6705640084146263,CO,mg/m³
2025-10-04,35.58883273361497,45.375088070639066,0.43269033284765324,CO,mg/m³
2025-10-04,35.44327645871745,45.61956793709403,0.6208735543690229,CO,mg/m³
2025-10-04,35.6818477044567,45.31388022269954,0.9236607696269494,CO,mg/m³
2025-10-04,35.431281792829274,45.376002015468636,3.017801272908667,CO,mg/m³
2025-10-04,35.66251816455385,45.549330447711355,0.3727599752374343,CO,mg/m³
2025-10-04,35.63267109679149,45.47706242624304,1.0331554599493555,CO,mg/m³
2025-10-04,35.463466647949566,45.5969796249669,1.3206180793219602,CO,mg/m³
2025-10-04,35.51282704659862,45.32926341310557,3.2508498701847435,CO,mg/m³
2025-10-04,35.41342615324798,45.53184442444512,1.899207942500646,CO,mg/m³
2025-10-04,35.704255025737005,45.539537987711405,0.596252460168833,CO,mg/m³
2025-10-04,35.41074307484938,45.37499683419452,2.305954695769565,CO,mg/m³
2025-10-04,35.601217490102236,45.42770217464699,0.6308545690139182,CO,mg/m³
2025-10-04,35.47870858371554,45.352844684266785,0.2838331514607013,CO,mg/m³
2025-10-04,35.71977776022796,45.567659687393885,1.9523949942238912,CO,mg/m³
2025-10-04,35.647272030932626,45.33564102637065,0.2988945211449724,CO,mg/m³
2025-10-04,35.43821054582989,45.47498765856778,0.8664771895026485,CO,mg/m³
2025-10-04,35.44091315292845,45.44781202171887,1.1268948494179354,CO,mg/m³
2025-10-04,35.63238864252033,45.44797503898702,1.665145626733202,CO,mg/m³
2025-10-04,35.57320247604754,45.385656261264224,1.6729587314242018,CO,mg/m³
2025-10-04,35.53471240535944,45.599018644506955,0.5467441101526332,CO,mg/m³
2025-10-04,35.498794834543325,45.25540492773883,1.8326899842688475,CO,mg/m³
2025-10-04,35.569148354966636,45.41293449021393,0.5449877868958637,CO,mg/m³
2025-10-04,35.684534272428365,45.3810553808974,1.2150535894573264,CO,mg/m³
2025-10-04,35.493247868377125,45.56289758778039,0.1,CO,mg/m³
2025-10-04,35.40321270635047,45.28389976014351,1.8728193127549404,CO,mg/m³
2025-10-04,35.60191110446455,45.32855600349535,1.874147932111743,CO,mg/m³
2025-10-04,35.53325869557128,45.28607241573669,0.9421126743378913,CO,mg/m³
2025-10-04,35.52029793298247,45.36260017400105,0.5638001438046196,CO,mg/m³
2025-10-04,35.569348107986066,45.46746345066842,0.6848588318108096,CO,mg/m³
2025-10-04,35.541401571616504,45.25275090889863,1.709084355597138,CO,mg/m³
2025-10-04,35.66463694638871,45.287806442834324,1.1195777694652964,CO,mg/m³
2025-10-04,35.48920058178847,45.38471347613198,1.0528708221138086,CO,mg/m³
2025-10-04,35.454748878289486,45.612007781550716,0.7262434487623588,CO,mg/m³
2025-10-04,35.647565377472574,45.4557127427408,2.5785737968107054,CO,mg/m³
2025-10-04,35.534212396292425,45.401653585457616,2.3200427499479823,CO,mg/m³
2025-10-04,35.57404113909765,45.442260504241396,0.7671847734361645,CO,mg/m³
2025-10-04,35.56432025839072,45.3166737087691,2.030794455391331,CO,mg/m³
2025-10-04,35.53979233299441,45.595673814948576,1.5327330133596526,CO,mg/m³
2025-10-04,35.53478590699352,45.560106069115,2.988988933500485,CO,mg/m³
2025-10-04,35.46169109170468,45.55474111133027,0.9026113545428482,CO,mg/m³
2025-10-04,35.45545825448517,45.46141379152983,0.7921126928381019,CO,mg/m³
2025-10-04,35.56173832528045,45.25834047743404,1.2977815405366417,CO,mg/m³
2025-10-04,35.473393740688486,45.56169049793146,0.47903425738307776,CO,mg/m³
2025-10-04,35.495791661898984,45.50091403423402,0.582394821229409,CO,mg/m³
2025-10-04,35.53601320757705,45.283671081001046,2.775924188718091,CO,mg/m³
2025-10-04,35.56529784692798,45.32466083247409,2.573481699524748,CO,mg/m³
2025-10-04,35.65195445108496,45.48672020498338,3.127616336229926,CO,mg/m³
2025-10-04,35.58805867123455,45.578623055884115,1.3597212825413934,CO,mg/m³
2025-10-04,35.665310455630525,45.4967086704629,1.8568479015640207,CO,mg/m³
2025-10-04,35.50148098976453,45.3322727363302,1.4275043544463875,CO,mg/m³
2025-10-04,35.408906584442114,45.584785752110044,2.3144860126755895,CO,mg/m³
2025-10-04,35.47063770444078,45.57835224832201,1.3477487604206255,CO,mg/m³
2025-10-04,35.41094179010124,45.35518743923666,1.2636618028268403,CO,mg/m³
2025-10-04,35.655791069478376,45.3043224302659,1.2041032257709554,CO,mg/m³
2025-10-04,35.49470034779343,45.31331043589537,0.612113199523131,CO,mg/m³
2025-10-04,35.408689076509994,45.25531506069069,1.485387643700869,CO,mg/m³
2025-10-04,35.650096890971895,45.589872495581226,0.1464052820659179,CO,mg/m³
2025-10-03,35.70959301933023,45.35529828781994,1.21839686848863,CO,mg/m³
2025-10-03,35.604000402028305,45.552087509993555,1.2981938559506707,CO,mg/m³
2025-10-03,35.49966243243198,45.61835805144495,1.3331350534923896,CO,mg/m³
2025-10-03,35.69941096453092,45.50031162935422,0.786097010359367,CO,mg/m³
2025-10-03,35.425566744217285,45.33692581691174,0.9773851893914447,CO,mg/m³
2025-10-03,35.57900264958499,45.27213606996938,0.8904018620091618,CO,mg/m³
2025-10-03,35.701423652082134,45.508686091611125,2.4985129723137267,CO,mg/m³
2025-10-03,35.44136920628934,45.60887528893506,1.4775580136752353,CO,mg/m³
2025-10-03,35.56687474284078,45.37274020620212,2.7840156727115923,CO,mg/m³
2025-10-03,35.504481952590695,45.37433807194398,2.4796332022788734,CO,mg/m³
2025-10-03,35.4804829180042,45.48619256345735,1.0984450541405493,CO,mg/m³
2025-10-03,35.421636451739154,45.340673778319434,1.6106604977589658,CO,mg/m³
2025-10-03,35.5003662140512,45.55835995295007,1.0595751712654085,CO,mg/m³
2025-10-03,35.447057059929755,45.30288753389564,0.7635597841104075,CO,mg/m³
2025-10-03,35.52645431981566,45.506512520264685,0.799893302873283,CO,mg/m³
2025-10-03,35.594009445513876,45.536501410859024,0.9526993990401129,CO,mg/m³
2025-10-03,35.46561791145231,45.41515500137442,1.7065536718157654,CO,mg/m³
2025-10-03,35.43573631481931,45.47397671501238,0.6072475549655862,CO,mg/m³
2025-10-03,35.513069462467655,45.61809544309051,1.2672905303603978,CO,mg/m³
2025-10-03,35.46745599562049,45.604783154276845,2.4203368906375764,CO,mg/m³
2025-10-03,35.40482082234571,45.34133341157923,1.6430800107165777,CO,mg/m³
2025-10-03,35.58108556483818,45.451554461046335,1.4749427122663263,CO,mg/m³
2025-10-03,35.53602302458415,45.32531306202273,2.0560432374061515,CO,mg/m³
2025-10-03,35.65576504758542,45.58480863847519,0.4863633118960645,CO,mg/m³
2025-10-03,35.548518048561206,45.4975103308348,1.7573686446660761,CO,mg/m³
2025-10-03,35.562563343867424,45.418059467915825,0.21202987779552296,CO,mg/m³
2025-10-03,35.47864154098859,45.44750491954489,0.8264570111939855,CO,mg/m³
2025-10-03,35.510002155313344,45.39824458602515,1.1911269455693712,CO,mg/m³
2025-10-03,35.46966858150527,45.26112647447993,0.6610818671345713,CO,mg/m³
2025-10-03,35.42512702758652,45.59183382223219,1.3422295460260074,CO,mg/m³
2025-10-03,35.705360258321576,45.471218098104,2.081811628523278,CO,mg/m³
2025-10-03,35.50252114865572,45.56293563530312,0.1,CO,mg/m³
2025-10-03,35.64045334749224,45.49644697668172,1.2797246168430587,CO,mg/m³
2025-10-03,35.58849359286114,45.263311493898264,1.50626525510236,CO,mg/m³
2025-10-03,35.45588185342507,45.30762688609921,1.6202574599017057,CO,mg/m³
2025-10-03,35.629654373203195,45.52379080020476,1.59423283392866,CO,mg/m³
2025-10-03,35.675002773039914,45.5153711601599,2.3287735993539216,CO,mg/m³
2025-10-03,35.66762647271033,45.475561515168415,1.8794989962015598,CO,mg/m³
2025-10-03,35.48826739104484,45.255055438623764,2.4624722083514876,CO,mg/m³
2025-10-03,35.49820733156363,45.508200485683844,1.2796687386316075,CO,mg/m³
2025-10-03,35.47302591966664,45.26333286044607,1.536637507857768,CO,mg/m³
2025-10-03,35.69699847986017,45.25347944701396,1.3789582146357326,CO,mg/m³
2025-10-03,35.603993805453506,45.35505755075167,1.290350050113619,CO,mg/m³
2025-10-03,35.56745986649335,45.40103288395676,2.198795326375596,CO,mg/m³
2025-10-03,35.68820757808419,45.39510505223916,1.3177826365733833,CO,mg/m³
2025-10-03,35.626530282391535,45.35716801817524,1.137682829123028,CO,mg/m³
2025-10-03,35.62756225346153,45.32942499561679,0.6694507058289619,CO,mg/m³
2025-10-03,35.55280564310673,45.59910062166633,1.2353315845592798,CO,mg/m³
2025-10-03,35.68714718101395,45.25005805288884,1.6106435642460373,CO,mg/m³
2025-10-03,35.47953068100079,45.52249415005969,2.3412509518289997,CO,mg/m³
2025-10-03,35.48085805546963,45.3570313461167,1.3026200644140398,CO,mg/m³
2025-10-03,35.60672821303096,45.57306379539273,2.369375400877808,CO,mg/m³
2025-10-03,35.41707896295466,45.41073115672108,1.4881392868134435,CO,mg/m³
2025-10-03,35.60953173137055,45.419315713373166,0.6415262773521107,CO,mg/m³
2025-10-03,35.42126787798219,45.3020852303547,0.849194393127202,CO,mg/m³
2025-10-03,35.698995337126675,45.40510676861635,0.4292212060795713,CO,mg/m³
2025-10-03,35.6605809255432,45.566919239558786,0.6104650262455898,CO,mg/m³
2025-10-03,35.66381571346121,45.28318110123627,0.40808087516177843,CO,mg/m³
2025-10-03,35.459548337369206,45.38336539497851,2.479868967464121,CO,mg/m³
2025-10-03,35.673542868603185,45.54182776108527,1.1120948926081726,CO,mg/m³
2025-10-03,35.57759425871279,45.269174485562466,1.4455223969907924,CO,mg/m³
2025-10-03,35.414731501050724,45.258985270781096,0.3468856388475635,CO,mg/m³
2025-10-03,35.69294647541043,45.334224343105625,0.6357604533193602,CO,mg/m³
2025-10-03,35.58330911496569,45.58391775310662,0.5585313351442583,CO,mg/m³
2025-10-03,35.60851901009581,45.53966926377867,0.21758433865936605,CO,mg/m³
2025-10-03,35.6237352302857,45.42608429227277,1.8886870108083642,CO,mg/m³
2025-10-03,35.41927620788377,45.55354973182905,0.8664879730949244,CO,mg/m³
2025-10-03,35.52575505914893,45.30642712052036,3.3218510843397393,CO,mg/m³
2025-10-03,35.596635011078874,45.460348988051386,0.7138125041432162,CO,mg/m³
2025-10-03,35.48914233282564,45.60145760400505,1.5481000149315227,CO,mg/m³
2025-10-03,35.5210613726892,45.261889702469475,1.7246140889187431,CO,mg/m³
2025-10-03,35.491295309718446,45.34053769418874,1.583670943177321,CO,mg/m³
2025-10-03,35.60220173328365,45.61474890218469,0.8424889556277738,CO,mg/m³
2025-10-03,35.597925595394855,45.48051945209061,1.1690713027183492,CO,mg/m³
2025-10-03,35.49411084435946,45.41184232737209,1.0780661287255977,CO,mg/m³
2025-10-03,35.480241719295364,45.29957216592758,0.1933143957065007,CO,mg/m³
2025-10-03,35.53296846133281,45.44351928196163,0.9742402995095615,CO,mg/m³
2025-10-03,35.545176911521175,45.54046724415036,0.4774339446824026,CO,mg/m³
2025-10-03,35.6061284888071,45.56921870481889,2.5932660463623747,CO,mg/m³
2025-10-03,35.48225231222739,45.32159727257875,2.049993369297077,CO,mg/m³
2025-10-03,35.58220117940774,45.26559278682448,0.40035080179271976,CO,mg/m³
2025-10-03,35.59628812382198,45.32759142698319,0.9504586003147337,CO,mg/m³
2025-10-03,35.698220700600736,45.302210041662605,2.602623829305917,CO,mg/m³
2025-10-03,35.590945635550526,45.36082025491095,2.191119928771162,CO,mg/m³
2025-10-03,35.433598139558,45.56820506205609,1.9404579460381348,CO,mg/m³
2025-10-03,35.46744417788366,45.57563250125052,0.4259725321188618,CO,mg/m³
2025-10-03,35.54260673071693,45.30308429846059,0.360073637436647,CO,mg/m³
2025-10-03,35.61417900705059,45.46940813892083,1.0150348590703633,CO,mg/m³
2025-10-03,35.45640116741889,45.43596126639136,1.3056815209590134,CO,mg/m³
2025-10-03,35.70971164475666,45.2761701158446,1.1353538624955652,CO,mg/m³
2025-10-03,35.41260917919261,45.37486482114843,0.7841624287331056,CO,mg/m³
2025-10-03,35.62022335299907,45.520190826487934,0.3010573163700594,CO,mg/m³
2025-10-03,35.55876905855824,45.27435108584247,1.6468103755811194,CO,mg/m³
2025-10-03,35.59736951119027,45.396067006240024,1.8811887542695502,CO,mg/m³
2025-10-03,35.46707498084287,45.41203423535948,1.9788511253856422,CO,mg/m³
2025-10-03,35.59425283945544,45.518381440274894,1.9414495930546631,CO,mg/m³
2025-10-03,35.40538705046583,45.49750426341271,2.000482117063888,CO,mg/m³
2025-10-03,35.6424729950946,45.484124982768265,1.0903465321022667,CO,mg/m³
2025-10-03,35.41062075720541,45.60323991131123,0.39308989156633944,CO,mg/m³
2025-10-03,35.562180236143924,45.55962462451455,1.3251142525041473,CO,mg/m³
2025-10-02,35.42211140798174,45.26050827143222,0.6367938524619359,CO,mg/m³
2025-10-02,35.614433937798125,45.526687225807976,0.44583759620610786,CO,mg/m³
2025-10-02,35.54043494039062,45.59027381388759,0.6326359172409884,CO,mg/m³
2025-10-02,35.556971387786874,45.484726956655244,1.2228583490483045,CO,mg/m³
2025-10-02,35.7046139526114,45.31577949337202,0.3463174311832321,CO,mg/m³
2025-10-02,35.60397663278699,45.2893713122498,1.6693742099323488,CO,mg/m³
2025-10-02,35.415892943201875,45.365150683432326,0.9672612168015653,CO,mg/m³
2025-10-02,35.40423497600775,45.53348650138703,2.5616256301670797,CO,mg/m³
2025-10-02,35.521382676790736,45.4512028508083,2.3637441404433486,CO,mg/m³
2025-10-02,35.5244448463944,45.486603793170026,0.4697741702962195,CO,mg/m³
2025-10-02,35.44982828534565,45.37466231894002,2.859169772672338,CO,mg/m³
2025-10-02,35.426788059186606,45.50306317920347,2.6569292014305277,CO,mg/m³
2025-10-02,35.49559864629477,45.46613335308584,1.4090104125348633,CO,mg/m³
2025-10-02,35.59218440520477,45.42512188183122,0.6655623445312817,CO,mg/m³
2025-10-02,35.506725593443775,45.40008782608226,1.210128572221524,CO,mg/m³
2025-10-02,35.46572558814172,45.253221195937655,0.7575217075810674,CO,mg/m³
2025-10-02,35.467596927028694,45.2545432703197,2.0305066268477043,CO,mg/m³
2025-10-02,35.5483666496385,45.50412791358746,2.50835335580107,CO,mg/m³
2025-10-02,35.68763871665783,45.51455543552336,0.6851193170998682,CO,mg/m³
2025-10-02,35.49992805195748,45.46809239110384,1.0288978447906632,CO,mg/m³
2025-10-02,35.68385555838113,45.43199886731905,1.0678388492232525,CO,mg/m³
2025-10-02,35.53526023503448,45.58005459566261,0.1,CO,mg/m³
2025-10-02,35.406399864759905,45.54195865306545,0.1,CO,mg/m³
2025-10-02,35.405262432711005,45.53855675762898,0.9463971566754158,CO,mg/m³
2025-10-02,35.54868548061038,45.4310650144088,1.7809576887093905,CO,mg/m³
2025-10-02,35.451418922256615,45.43025775383452,1.2121652812522021,CO,mg/m³
2025-10-02,35.49382666475672,45.41787895877742,3.162601385491813,CO,mg/m³
2025-10-02,35.6698578862969,45.31727444192198,0.796034144408649,CO,mg/m³
2025-10-02,35.585329549421274,45.50497997980196,1.4947548245505062,CO,mg/m³
2025-10-02,35.57042310036675,45.264988554160084,0.5154388028084724,CO,mg/m³
2025-10-02,35.586410371880255,45.46554264708102,1.2386356542273484,CO,mg/m³
2025-10-02,35.478224482615055,45.39629397945361,0.7300042208281401,CO,mg/m³
2025-10-02,35.63311962356461,45.56315213850115,1.540716744956029,CO,mg/m³
2025-10-02,35.5287424347896,45.532078320893476,2.6874967741199662,CO,mg/m³
2025-10-02,35.690309104813295,45.389390609405815,2.675383554387127,CO,mg/m³
2025-10-02,35.70109727203911,45.494426613542565,0.8585294684295163,CO,mg/m³
2025-10-02,35.58801474415491,45.39831323322213,0.1,CO,mg/m³
2025-10-02,35.42299629650231,45.466795338287376,1.7749520757851593,CO,mg/m³
2025-10-02,35.68600168711278,45.33462655662698,2.733784903229519,CO,mg/m³
2025-10-02,35.653464984784755,45.30321300258931,1.1567860954203444,CO,mg/m³
2025-10-02,35.443897422020946,45.28981715271456,0.3759995229173989,CO,mg/m³
2025-10-02,35.492823337071265,45.53580534094819,0.7873148461747315,CO,mg/m³
2025-10-02,35.5988465235581,45.61726250620345,1.5414109549212514,CO,mg/m³
2025-10-02,35.61394841777413,45.577601394898274,1.1202342847068614,CO,mg/m³
2025-10-02,35.623627955404466,45.60729462390551,0.666753269650969,CO,mg/m³
2025-10-02,35.62312687358885,45.59350931031218,0.9790212178181965,CO,mg/m³
2025-10-02,35.50438775218354,45.30681800840694,1.702233547042369,CO,mg/m³
2025-10-02,35.6352440171659,45.434951456067566,1.7431347741287102,CO,mg/m³
2025-10-02,35.536185564115065,45.45742806728459,1.5531675883105795,CO,mg/m³
2025-10-02,35.5770067621943,45.38703417794963,0.7399101341829822,CO,mg/m³
2025-10-02,35.719373948657186,45.533136107587595,0.861124674577125,CO,mg/m³
2025-10-02,35.51728027701806,45.324496034036244,0.9000234569378416,CO,mg/m³
2025-10-02,35.52882027811762,45.32271890336263,1.5014842401482171,CO,mg/m³
2025-10-02,35.61015771546613,45.41834676764635,0.5453092392603704,CO,mg/m³
2025-10-02,35.6779814651288,45.43464692618301,0.7526519568473544,CO,mg/m³
2025-10-02,35.614963989613024,45.38679840884582,0.7812911817573235,CO,mg/m³
2025-10-02,35.68054143048593,45.558384830732194,1.5699694232233425,CO,mg/m³
2025-10-02,35.614954517798445,45.530214616868115,1.9579701905023283,CO,mg/m³
2025-10-02,35.58093111199575,45.61487749637737,1.221427844068888,CO,mg/m³
2025-10-02,35.40708737287777,45.5970541006637,1.2317681650434604,CO,mg/m³
2025-10-02,35.56066331943651,45.55144529536919,1.1917753785699503,CO,mg/m³
2025-10-02,35.56975031058479,45.3556504806436,0.48099285000996106,CO,mg/m³
2025-10-02,35.428611908390344,45.48111399227418,1.0561544567973804,CO,mg/m³
2025-10-02,35.60198023038081,45.38685929185456,0.7041682251148765,CO,mg/m³
2025-10-02,35.68953084282871,45.40362521865356,2.132516977266533,CO,mg/m³
2025-10-02,35.58541522452339,45.271535200723925,2.027210550184298,CO,mg/m³
2025-10-02,35.64454223677447,45.3789268427422,1.6884414201294202,CO,mg/m³
2025-10-02,35.484359684680996,45.443749713021965,0.3540019426774087,CO,mg/m³
2025-10-02,35.64367691778116,45.571047681253475,1.4087983762162049,CO,mg/m³
2025-10-02,35.6267893058176,45.450453251462214,2.63172710473364,CO,mg/m³
2025-10-02,35.504356432845405,45.39355490237747,0.4589932743211589,CO,mg/m³
2025-10-02,35.59914049429813,45.39380478867007,1.0511478207393776,CO,mg/m³
2025-10-02,35.694266257784015,45.55310214052884,1.539522504137493,CO,mg/m³
2025-10-02,35.50665539724679,45.253734100334206,1.9650860649263993,CO,mg/m³
2025-10-02,35.678797776289265,45.484777811659555,1.3445152032077268,CO,mg/m³
2025-10-02,35.49207559911063,45.44437216683398,1.2966472134332911,CO,mg/m³
2025-10-02,35.437893157315344,45.56259733466572,1.2711715038569298,CO,mg/m³
2025-10-02,35.655952506686404,45.411649986845916,2.083531206378275,CO,mg/m³
2025-10-02,35.704264441233704,45.58675792451293,1.2857069192787185,CO,mg/m³
2025-10-02,35.712621948696686,45.35929667834468,1.445186238433844,CO,mg/m³
2025-10-02,35.56400609891409,45.28717078583979,1.512776739559306,CO,mg/m³
2025-10-02,35.54178600179422,45.2683363451612,2.343804049445315,CO,mg/m³
2025-10-02,35.719989934232444,45.503792113252,1.15415517025966,CO,mg/m³
2025-10-02,35.530906351859116,45.61328960804892,1.5829035174946706,CO,mg/m³
2025-10-02,35.629227351112256,45.34516434092257,1.959787338479969,CO,mg/m³
2025-10-02,35.456297906107366,45.37667835893533,1.2099714822367948,CO,mg/m³
2025-10-02,35.44572360280663,45.48910507281847,0.9828977073087442,CO,mg/m³
2025-10-02,35.41611095436675,45.37994613269464,1.2603690881421878,CO,mg/m³
2025-10-02,35.60798228081365,45.34039559204631,1.3803374036891636,CO,mg/m³
2025-10-02,35.44302425430155,45.37729688531326,1.3350713916288228,CO,mg/m³
2025-10-02,35.54130261200243,45.57359235330419,1.2358255042464723,CO,mg/m³
2025-10-02,35.66391621907787,45.40253580499207,0.7803083207010681,CO,mg/m³
2025-10-02,35.56400866548809,45.54638531142758,0.7366343148051973,CO,mg/m³
2025-10-02,35.6272156787175,45.55943239903803,1.4699093216244026,CO,mg/m³
2025-10-02,35.62732164524708,45.459749929378575,2.221017602559492,CO,mg/m³
2025-10-02,35.47911443314317,45.608982294814226,1.9496032974372777,CO,mg/m³
2025-10-02,35.707387929285694,45.52518864598115,0.749927087636975,CO,mg/m³
2025-10-02,35.58850380323699,45.27182611285889,1.1210101950035756,CO,mg/m³
2025-10-02,35.657016085085054,45.59148622501702,2.285485533355954,CO,mg/m³
2025-10-02,35.67143726811366,45.39684214007892,0.5040287364976646,CO,mg/m³
2025-10-01,35.66711482514811,45.382446345134376,0.5245205841673306,CO,mg/m³
2025-10-01,35.411543227580964,45.469051161178676,1.727770263135529,CO,mg/m³
2025-10-01,35.586858902718355,45.50815353588098,1.2300873372557404,CO,mg/m³
2025-10-01,35.57291833169001,45.46137479715467,1.693813918886006,CO,mg/m³
2025-10-01,35.489855135645456,45.296528353687314,0.8082959757427965,CO,mg/m³
2025-10-01,35.56525427067355,45.49776497187319,1.479475964890171,CO,mg/m³
2025-10-01,35.485025549898424,45.3933106090048,0.6602351921133761,CO,mg/m³
2025-10-01,35.63651323469681,45.61075137926981,1.0495528563591607,CO,mg/m³
2025-10-01,35.43218663962338,45.565333096956444,1.62896469617076,CO,mg/m³
2025-10-01,35.68142352102974,45.546086898968284,2.4976956350265356,CO,mg/m³
2025-10-01,35.559078055709016,45.480659108882904,0.824325074377932,CO,mg/m³
2025-10-01,35.59615102111534,45.448806701261105,1.8145571633295519,CO,mg/m³
2025-10-01,35.56320141682404,45.61928298558071,0.9116884391954573,CO,mg/m³
2025-10-01,35.41627928991532,45.527377605632616,0.9742348435763752,CO,mg/m³
2025-10-01,35.43711230070936,45.56546996918973,0.950964735215308,CO,mg/m³
2025-10-01,35.489248691371856,45.29840375292127,2.197256080781337,CO,mg/m³
2025-10-01,35.59253879573212,45.47800782708928,1.1702342922948699,CO,mg/m³
2025-10-01,35.582811599671054,45.31833849069635,0.6291768405797011,CO,mg/m³
2025-10-01,35.606280991452564,45.41133140431749,0.9863701007098478,CO,mg/m³
2025-10-01,35.57608103391283,45.5193289416212,0.565237221440641,CO,mg/m³
2025-10-01,35.457055162849585,45.29453514408427,1.9262750539576312,CO,mg/m³
2025-10-01,35.55189022094579,45.408320997503914,1.934814026144519,CO,mg/m³
2025-10-01,35.51393395626706,45.32158444401917,1.6811773869870659,CO,mg/m³
2025-10-01,35.67172334173565,45.404030705284995,2.834430413492202,CO,mg/m³
2025-10-01,35.61961805357526,45.5188565917284,2.8075253672478158,CO,mg/m³
2025-10-01,35.637014306935036,45.51406916475973,0.9636688175877693,CO,mg/m³
2025-10-01,35.56808353601912,45.5686906684086,1.7469847843164823,CO,mg/m³
2025-10-01,35.552788068451044,45.480313910137944,0.7833327012093785,CO,mg/m³
2025-10-01,35.449644120505724,45.32409604246448,2.172415559820827,CO,mg/m³
2025-10-01,35.43534368542666,45.584086294044674,0.9024152768123657,CO,mg/m³
2025-10-01,35.52692291024776,45.59297689047724,1.3730354170247794,CO,mg/m³
2025-10-01,35.65538375007512,45.53731716774476,0.7352554020825276,CO,mg/m³
2025-10-01,35.47414019568088,45.59498531092974,1.5458317886176294,CO,mg/m³
2025-10-01,35.43232013157135,45.39730066362365,1.4639775001797695,CO,mg/m³
2025-10-01,35.52339868123592,45.58656905941789,1.5150530387713737,CO,mg/m³
2025-10-01,35.513954299459066,45.56790365280161,1.1943313369808801,CO,mg/m³
2025-10-01,35.45876963393424,45.50880851820487,0.4314643260820271,CO,mg/m³
2025-10-01,35.57933399440215,45.354036045358,1.344392076660518,CO,mg/m³
2025-10-01,35.41424962221932,45.44575894750089,2.205521482227632,CO,mg/m³
2025-10-01,35.676939939310564,45.34593980025539,1.0746636928644786,CO,mg/m³
2025-10-01,35.51134262746198,45.28199915476282,0.600297339979677,CO,mg/m³
2025-10-01,35.52931001139639,45.280262563637265,1.75339687402447,CO,mg/m³
2025-10-01,35.44343592417222,45.48482111729228,0.8854881828078662,CO,mg/m³
2025-10-01,35.65867543389276,45.34034449274867,1.3828793694384065,CO,mg/m³
2025-10-01,35.51680797910813,45.373814082880145,1.1422742714302694,CO,mg/m³
2025-10-01,35.62050659763905,45.379823974744944,1.1670420401564434,CO,mg/m³
2025-10-01,35.51338972833705,45.47336679442604,0.1477729980690432,CO,mg/m³
2025-10-01,35.422297804178164,45.552622316206225,1.0538119679587952,CO,mg/m³
2025-10-01,35.46475814056158,45.50631627511345,0.6885067373746374,CO,mg/m³
2025-10-01,35.649558940485306,45.35036885267111,0.6463599506573036,CO,mg/m³
2025-10-01,35.52642042865958,45.2638878645652,0.7311064078109031,CO,mg/m³
2025-10-01,35.686352563135955,45.39742184014054,0.633230077986509,CO,mg/m³
2025-10-01,35.64418061521722,45.58022984394029,1.2889258318762402,CO,mg/m³
2025-10-01,35.57606225406376,45.346517439715605,1.7115847580331414,CO,mg/m³
2025-10-01,35.71171654367608,45.387695783896966,1.4814244405782764,CO,mg/m³
2025-10-01,35.71348612879079,45.31894922817613,1.1236990928182122,CO,mg/m³
2025-10-01,35.60242161566623,45.317013983911735,1.3099288233981197,CO,mg/m³
2025-10-01,35.4400784131853,45.549604049697194,1.602948934324827,CO,mg/m³
2025-10-01,35.62414151450969,45.45612747526664,0.5566744663212466,CO,mg/m³
2025-10-01,35.52090480005357,45.4151020457838,0.9721247243442007,CO,mg/m³
2025-10-01,35.41990060313728,45.256147477566365,1.0609442417452306,CO,mg/m³
2025-10-01,35.505115660146366,45.27573925175075,0.5256828739355242,CO,mg/m³
2025-10-01,35.57761879521506,45.34587020066816,1.543442228348626,CO,mg/m³
2025-10-01,35.69465550853081,45.498180871124084,0.858506953201116,CO,mg/m³
2025-10-01,35.489143387737386,45.48749213857882,0.857236743405509,CO,mg/m³
2025-10-01,35.65557978836743,45.579770012817846,0.7175144042795142,CO,mg/m³
2025-10-01,35.431860724541345,45.35895642460708,0.8390676609668273,CO,mg/m³
2025-10-01,35.589168158255255,45.37590748589533,1.3582147572772423,CO,mg/m³
2025-10-01,35.61964863246766,45.41289321451329,0.6533059646082611,CO,mg/m³
2025-10-01,35.488806852951406,45.39637334113401,1.6999795937784548,CO,mg/m³
2025-10-01,35.49091937827096,45.61166219524278,1.486104716968108,CO,mg/m³
2025-10-01,35.594395254847164,45.478427754368475,1.2440598730461339,CO,mg/m³
2025-10-01,35.431700929791575,45.49316132487227,1.5721827221559532,CO,mg/m³
2025-10-01,35.59549004191506,45.519136982954194,0.9571516609839003,CO,mg/m³
2025-10-01,35.44904507008953,45.35716131422846,3.258239887990195,CO,mg/m³
2025-10-01,35.66089888621648,45.34600323994631,3.272526826371136,CO,mg/m³
2025-10-01,35.58810760765391,45.25962094897587,2.6076138165955673,CO,mg/m³
2025-10-01,35.41079998675212,45.266224127489025,0.8627565669747856,CO,mg/m³
2025-10-01,35.57378567399114,45.59462816508882,0.7782887479671234,CO,mg/m³
2025-10-01,35.65658626991609,45.465919093924256,0.3837334347877205,CO,mg/m³
2025-10-01,35.4998579712683,45.55563748418807,0.562597701497183,CO,mg/m³
2025-10-01,35.415213044235074,45.49687869226497,2.0781315183427957,CO,mg/m³
2025-10-01,35.533868156373906,45.531996333612526,2.456130526646287,CO,mg/m³
2025-10-01,35.4233912264521,45.50925953420041,1.064142545540226,CO,mg/m³
2025-10-01,35.40938364075857,45.607977614153235,2.097280407047171,CO,mg/m³
2025-10-01,35.45009841880136,45.261893385659576,1.3032522820893249,CO,mg/m³
2025-10-01,35.43767205643457,45.26931629740097,0.9903757862713305,CO,mg/m³
2025-10-01,35.46457598292521,45.561634171660955,1.425105419340865,CO,mg/m³
2025-10-01,35.508737626472424,45.505726360945786,1.1840346402331672,CO,mg/m³
2025-10-01,35.52189669622897,45.44731565392451,1.6164763518183416,CO,mg/m³
2025-10-01,35.53897398694558,45.42108807845779,0.8931630120590948,CO,mg/m³
2025-10-01,35.69906731091303,45.392879437023794,2.692533647033028,CO,mg/m³
2025-10-01,35.41861120042912,45.43003522655978,1.0033291373832351,CO,mg/m³
2025-10-01,35.69245808830869,45.40099679088104,1.7062221722950777,CO,mg/m³
2025-10-01,35.46999481660488,45.61449734104842,0.8308784439777662,CO,mg/m³
2025-10-01,35.42418834780223,45.44843498909561,1.1633187464858379,CO,mg/m³
2025-10-01,35.553746131636004,45.3271937694994,0.9896437330383197,CO,mg/m³
2025-10-01,35.614425405541084,45.36806201456512,0.1,CO,mg/m³
2025-10-01,35.512198699280475,45.601222620379744,1.7878318875068313,CO,mg/m³
2025-10-01,35.59418102429778,45.488291435608915,0.6523501501087687,CO,mg/m³
2025-09-30,35.56241181015266,45.29167880305349,1.0426741037019087,CO,mg/m³
2025-09-30,35.670194424436154,45.47176771280671,0.8838270490298623,CO,mg/m³
2025-09-30,35.628167555071386,45.265903816333804,0.698049581261945,CO,mg/m³
2025-09-30,35.41376230879234,45.518306157006194,1.4159689618092233,CO,mg/m³
2025-09-30,35.41300584990922,45.49691347177433,2.4532922244204363,CO,mg/m³
2025-09-30,35.53170174866046,45.5937502212112,0.7340265277279003,CO,mg/m³
2025-09-30,35.52757528183437,45.33500935426328,1.5371788198316099,CO,mg/m³
2025-09-30,35.59255714470148,45.35749477512106,2.132209309557462,CO,mg/m³
2025-09-30,35.52322282442934,45.410581582229405,1.8786631118431116,CO,mg/m³
2025-09-30,35.59409249071928,45.283504463052026,0.9543771900377913,CO,mg/m³
2025-09-30,35.67523687273829,45.28386698888712,1.8162331446640367,CO,mg/m³
2025-09-30,35.59963696270872,45.39399685519732,1.3634344084824832,CO,mg/m³
2025-09-30,35.67523770891113,45.288391162327024,0.8265205153818709,CO,mg/m³
2025-09-30,35.713035125868174,45.45082953317117,0.5930066458469788,CO,mg/m³
2025-09-30,35.50404326618519,45.36000938786366,1.6981978987284427,CO,mg/m³
2025-09-30,35.411622963946265,45.58283507294374,0.3147878559682623,CO,mg/m³
2025-09-30,35.44561559027695,45.49641631050327,1.5604608386859171,CO,mg/m³
2025-09-30,35.40856863009754,45.404629255923396,0.8559921311406956,CO,mg/m³
2025-09-30,35.46792283148066,45.39698778682055,1.562752717058929,CO,mg/m³
2025-09-30,35.68841249323066,45.395985254930885,1.353428330577967,CO,mg/m³
2025-09-30,35.53010961555661,45.47937275077838,0.9363479388063454,CO,mg/m³
2025-09-30,35.42714213739114,45.56145045023694,1.555677216258636,CO,mg/m³
2025-09-30,35.47487350480329,45.470559008456014,1.4090412476288496,CO,mg/m³
2025-09-30,35.50744153830211,45.47293928011169,0.6395252439296297,CO,mg/m³
2025-09-30,35.46445000254661,45.404226944783915,0.9252250267425051,CO,mg/m³
2025-09-30,35.638280660093756,45.44372204727155,1.4657702181265955,CO,mg/m³
2025-09-30,35.55697856867219,45.356225365171795,1.0818170450980373,CO,mg/m³
2025-09-30,35.57660621767658,45.590519071737994,1.8739632474081065,CO,mg/m³
2025-09-30,35.63318795662937,45.393826360967296,1.2130152837963686,CO,mg/m³
2025-09-30,35.448352883279235,45.42465865547203,1.6495401981552305,CO,mg/m³
2025-09-30,35.524794131346454,45.517057366190464,1.8946461465530393,CO,mg/m³
2025-09-30,35.42636272531675,45.39619793146217,3.2601725257456624,CO,mg/m³
2025-09-30,35.485902930358364,45.37548648974275,1.7845969249903906,CO,mg/m³
2025-09-30,35.52928797688398,45.259703758115826,1.273272137492036,CO,mg/m³
2025-09-30,35.65244337803533,45.52244477572705,1.1740238490547839,CO,mg/m³
2025-09-30,35.5178350884154,45.44707668521917,0.6753958648361339,CO,mg/m³
2025-09-30,35.42100323114483,45.52422305945003,0.6408827154862958,CO,mg/m³
2025-09-30,35.667404715044185,45.61062548033005,0.23780044276305823,CO,mg/m³
2025-09-30,35.488070651549,45.47162993249634,1.4259525341665946,CO,mg/m³
2025-09-30,35.44657855766806,45.49639849191386,0.8295869200381633,CO,mg/m³
2025-09-30,35.712070943651135,45.60970857547451,1.8755184904217579,CO,mg/m³
2025-09-30,35.43816396999661,45.4896538081701,0.1,CO,mg/m³
2025-09-30,35.6217467973053,45.277080260871074,2.5662116381800772,CO,mg/m³
2025-09-30,35.42883702772524,45.6012539339292,0.8342262857591504,CO,mg/m³
2025-09-30,35.49669461882333,45.38159239691323,1.7182349834607211,CO,mg/m³
2025-09-30,35.50664143989141,45.611560911296536,0.6128819996018323,CO,mg/m³
2025-09-30,35.631048341642796,45.49015423022712,0.6536738712058014,CO,mg/m³
2025-09-30,35.53776904722347,45.586525345500334,2.0123329785367168,CO,mg/m³
2025-09-30,35.715188789440205,45.25086840894173,1.829964913280721,CO,mg/m³
2025-09-30,35.43921468952572,45.38203756058776,0.8711862389511477,CO,mg/m³
2025-09-30,35.48667477506148,45.33640962386037,1.6760422866921239,CO,mg/m³
2025-09-30,35.427750024141965,45.42413306229784,2.851045095811875,CO,mg/m³
2025-09-30,35.59095348871263,45.581191767419085,1.6029770707652058,CO,mg/m³
2025-09-30,35.53767818793641,45.45382909616573,1.1311008670756093,CO,mg/m³
2025-09-30,35.5789617077465,45.609158866654894,0.9131166643453035,CO,mg/m³
2025-09-30,35.56046830397671,45.35293312008351,2.6010933006756876,CO,mg/m³
2025-09-30,35.41603276171541,45.55781403025461,2.651445079751588,CO,mg/m³
2025-09-30,35.51422002809595,45.58373481747955,2.8672183549450905,CO,mg/m³
2025-09-30,35.451717096389196,45.519074530005625,2.9929489866132157,CO,mg/m³
2025-09-30,35.56935468805628,45.48515109815121,0.8510272740272207,CO,mg/m³
2025-09-30,35.70298892118493,45.41094236712754,1.5866395866359966,CO,mg/m³
2025-09-30,35.451373013985084,45.463330665207934,0.8546947623686918,CO,mg/m³
2025-09-30,35.58352562180091,45.46319217913797,0.2720977578336511,CO,mg/m³
2025-09-30,35.47080084971559,45.56747130608384,1.9716801803046413,CO,mg/m³
2025-09-30,35.40685771974965,45.330952818431264,1.499022533582744,CO,mg/m³
2025-09-30,35.49706879277753,45.46870136783516,2.0545988610276336,CO,mg/m³
2025-09-30,35.56425229576091,45.57116377211159,2.2502397156408587,CO,mg/m³
2025-09-30,35.493221466151766,45.41617556487589,1.433433302215012,CO,mg/m³
2025-09-30,35.43031559599453,45.584462373763415,0.13410426613615972,CO,mg/m³
2025-09-30,35.52849121245718,45.55634253521505,2.769535097269431,CO,mg/m³
2025-09-30,35.54486809203661,45.57100635214859,1.2876495236157388,CO,mg/m³
2025-09-30,35.62092034208931,45.40056344471905,2.195103428443931,CO,mg/m³
2025-09-30,35.40397364411378,45.57867766965564,0.5276196292843398,CO,mg/m³
2025-09-30,35.70952994716778,45.57325823539546,0.3767956034598869,CO,mg/m³
2025-09-30,35.71837294196927,45.45350149726646,1.2020124890638486,CO,mg/m³
2025-09-30,35.43305148500279,45.374997904788586,1.5149219079695853,CO,mg/m³
2025-09-30,35.40185446477745,45.58480321062671,0.8473066919648502,CO,mg/m³
2025-09-30,35.50219178291526,45.40278431425541,1.7530525661098362,CO,mg/m³
2025-09-30,35.52378576577168,45.27172662380484,2.278649980508578,CO,mg/m³
2025-09-30,35.494336238255045,45.36753165080116,0.3277262075909921,CO,mg/m³
2025-09-30,35.69432635383396,45.311343305611686,0.4888795430588182,CO,mg/m³
2025-09-30,35.60277686017858,45.48317644199762,2.5186718846416114,CO,mg/m³
2025-09-30,35.409953444421184,45.25965166437617,2.6325028608376133,CO,mg/m³
2025-09-30,35.57125368665769,45.56200329270143,1.1907064693088314,CO,mg/m³
2025-09-30,35.59121747955596,45.28859709366815,2.6669624582311773,CO,mg/m³
2025-09-30,35.65866726198538,45.29833524045181,1.1450197382343446,CO,mg/m³
2025-09-30,35.62081828816379,45.39053722152936,2.3078572922572267,CO,mg/m³
2025-09-30,35.521869895858174,45.55320891376687,0.9238671795504889,CO,mg/m³
2025-09-30,35.53372456576621,45.29489153879744,1.1566172065381666,CO,mg/m³
2025-09-30,35.49088516195509,45.27981123803862,1.086311601850919,CO,mg/m³
2025-09-30,35.46647732796201,45.41504828618238,0.7801769036373215,CO,mg/m³
2025-09-30,35.7017646371253,45.47278835538911,1.6907352299094451,CO,mg/m³
2025-09-30,35.54686224121532,45.5913142155211,2.87142852911575,CO,mg/m³
2025-09-30,35.4623415873766,45.60640200437988,0.6223132311788315,CO,mg/m³
2025-09-30,35.48512026235896,45.36620241446611,0.5894823610691252,CO,mg/m³
2025-09-30,35.48459107152024,45.284634569475195,0.8333622212590964,CO,mg/m³
2025-09-30,35.44919434928067,45.58653284976637,1.4103835834625922,CO,mg/m³
2025-09-30,35.441819211969936,45.51052554386224,0.1,CO,mg/m³
2025-09-30,35.4317827661358,45.34143958409582,1.0024832134607933,CO,mg/m³
2025-09-30,35.636216787480386,45.35190419793289,1.2284889908931493,CO,mg/m³
2025-09-29,35.40960553600358,45.296172858505244,0.7041976880588863,CO,mg/m³
2025-09-29,35.616364125486214,45.6051218270635,0.6280289979007261,CO,mg/m³
2025-09-29,35.71326135137194,45.55639478807626,1.2956008204763987,CO,mg/m³
2025-09-29,35.561880685934355,45.61133165812725,1.3998137892816662,CO,mg/m³
2025-09-29,35.52828504906817,45.290317166671585,1.7337890346139957,CO,mg/m³
2025-09-29,35.70135950057721,45.50063824879426,1.974321325006267,CO,mg/m³
2025-09-29,35.660674508358696,45.467876034750276,1.7950455024420795,CO,mg/m³
2025-09-29,35.42227384511586,45.52247103128769,1.1837160576394952,CO,mg/m³
2025-09-29,35.46487004622244,45.4628692803833,1.2043821031399595,CO,mg/m³
2025-09-29,35.47522711822274,45.42045969982492,1.973975449703241,CO,mg/m³
2025-09-29,35.49953345164675,45.325781745656,0.8847988387094237,CO,mg/m³
2025-09-29,35.53786268196938,45.50900793330588,0.9472290991305898,CO,mg/m³
2025-09-29,35.512240068471044,45.31674426066,0.6474906474995819,CO,mg/m³
2025-09-29,35.53583506246748,45.45389953894473,0.9370440510907998,CO,mg/m³
2025-09-29,35.67993727686608,45.4624388317608,1.0378645232581178,CO,mg/m³
2025-09-29,35.51229834962009,45.31256418496536,1.4732834586173302,CO,mg/m³
2025-09-29,35.42122426071362,45.46031887510266,0.820301432034435,CO,mg/m³
2025-09-29,35.68855789796931,45.45632141180342,0.827866119219105,CO,mg/m³
2025-09-29,35.69564793452833,45.38637740879226,1.5140847526757486,CO,mg/m³
2025-09-29,35.586461551565534,45.53160121489637,0.42144079789921673,CO,mg/m³
2025-09-29,35.457539221190785,45.43006519437234,1.376031219485045,CO,mg/m³
2025-09-29,35.558215257005486,45.29654884339567,1.1402309314738022,CO,mg/m³
2025-09-29,35.61662465227316,45.2849167213447,0.7248176256282582,CO,mg/m³
2025-09-29,35.68976381116694,45.55258369995574,0.5068569310590656,CO,mg/m³
2025-09-29,35.56808470259468,45.39120310281239,0.4357416347085536,CO,mg/m³
2025-09-29,35.41453181425915,45.34226674127664,1.1135906692680795,CO,mg/m³
2025-09-29,35.596506221319046,45.471147089716105,1.0163593754500129,CO,mg/m³
2025-09-29,35.676261881301855,45.36214279109948,1.9600759698359727,CO,mg/m³
2025-09-29,35.65427330167763,45.59007972565135,0.5467562606990288,CO,mg/m³
2025-09-29,35.71187023364409,45.49462219620287,1.1059276091953627,CO,mg/m³
2025-09-29,35.578322910684605,45.46052714608921,0.1,CO,mg/m³
2025-09-29,35.67505171801224,45.50591767306322,1.0306576581789573,CO,mg/m³
2025-09-29,35.559722191492384,45.349352518618126,1.3628399336286907,CO,mg/m³
2025-09-29,35.43694041802006,45.254426342515885,2.7788551426363384,CO,mg/m³
2025-09-29,35.41899986615614,45.42962692613093,1.1611877896136036,CO,mg/m³
2025-09-29,35.51819858753805,45.45104919044244,0.7547730954541718,CO,mg/m³
2025-09-29,35.51181820243222,45.28388285578885,1.2903225279845625,CO,mg/m³
2025-09-29,35.58918636263417,45.50978579495202,2.2614569881123727,CO,mg/m³
2025-09-29,35.68241320948764,45.51985912342698,1.0203470583230032,CO,mg/m³
2025-09-29,35.536956436924974,45.53373153056918,1.24949703524679,CO,mg/m³
2025-09-29,35.45667761103824,45.271094963138765,1.3691130350661118,CO,mg/m³
2025-09-29,35.70242633776416,45.32478984733388,2.1993000530582463,CO,mg/m³
2025-09-29,35.67979208065212,45.444813778405305,1.5118754536968437,CO,mg/m³
2025-09-29,35.602225792862136,45.37787784733747,2.2496871869178072,CO,mg/m³
2025-09-29,35.56922604563457,45.59279037385273,1.3238031650162307,CO,mg/m³
2025-09-29,35.455397449578825,45.58861533225583,1.898568927731331,CO,mg/m³
2025-09-29,35.6391690551352,45.29621250910931,2.059943290685859,CO,mg/m³
2025-09-29,35.464623853521104,45.58306130978541,2.2976278314170187,CO,mg/m³
2025-09-29,35.53386736757047,45.43441102633177,3.020072186708754,CO,mg/m³
2025-09-29,35.62027844158585,45.29698021288132,1.445317702799173,CO,mg/m³
2025-09-29,35.48300787380258,45.429373681761405,1.5156706700555678,CO,mg/m³
2025-09-29,35.610146678507675,45.37149448636809,1.8455938929139235,CO,mg/m³
2025-09-29,35.46405308566778,45.46351135016562,0.7982747460322241,CO,mg/m³
2025-09-29,35.59019858351184,45.51859922327896,0.9826216540225196,CO,mg/m³
2025-09-29,35.44786503625804,45.400779470946354,1.3349823837784456,CO,mg/m³
2025-09-29,35.71601590624781,45.55034004865885,0.82945311875247,CO,mg/m³
2025-09-29,35.56632145481862,45.43052935542745,1.5418810705527033,CO,mg/m³
2025-09-29,35.582360654585344,45.61640526602853,0.7426852634391174,CO,mg/m³
2025-09-29,35.42771337372124,45.38950637739063,0.9164844112673969,CO,mg/m³
2025-09-29,35.459202858719436,45.299885938032766,2.2886575047104705,CO,mg/m³
2025-09-29,35.66097271227518,45.43595662110865,1.2157596149415255,CO,mg/m³
2025-09-29,35.53001535728164,45.47165466168589,1.597929618775405,CO,mg/m³
2025-09-29,35.4948151426861,45.615085359372884,1.1653303198026306,CO,mg/m³
2025-09-29,35.61671114250808,45.3531345693115,2.1856987123178806,CO,mg/m³
2025-09-29,35.48463899694542,45.3068499065425,0.10053278899692009,CO,mg/m³
2025-09-29,35.48868763898261,45.330396590074145,0.5320639750567575,CO,mg/m³
2025-09-29,35.708199142950455,45.38827125771538,1.3299832292751408,CO,mg/m³
2025-09-29,35.47244307663665,45.50146485300007,0.5368787049387185,CO,mg/m³
2025-09-29,35.708626009502645,45.57477877167389,2.413202040544181,CO,mg/m³
2025-09-29,35.585088559212146,45.420525956753956,0.6175672615270564,CO,mg/m³
2025-09-29,35.544860660631876,45.38042734927306,1.3181777251061413,CO,mg/m³
2025-09-29,35.68043259441989,45.41269042443346,1.540104627858539,CO,mg/m³
2025-09-29,35.54345848446081,45.39061436255737,1.901553693437597,CO,mg/m³
2025-09-29,35.563809826521684,45.46282518019816,1.6726731564349635,CO,mg/m³
2025-09-29,35.44987396509317,45.32268834567968,1.537917723370177,CO,mg/m³
2025-09-29,35.56100305106302,45.5848836620201,1.5274997603584275,CO,mg/m³
2025-09-29,35.51403664264013,45.40012745755733,0.7042270724352632,CO,mg/m³
2025-09-29,35.620840364023,45.363633909569515,2.635682794550274,CO,mg/m³
2025-09-29,35.54698698755141,45.468680977191426,0.6288584928957532,CO,mg/m³
2025-09-29,35.601099884146116,45.34886140774467,1.0801661504705846,CO,mg/m³
2025-09-29,35.64686904859967,45.3851378369238,1.1273040942974135,CO,mg/m³
2025-09-29,35.43444008369206,45.30091573792965,1.027593477781624,CO,mg/m³
2025-09-29,35.66308998062577,45.603000647204226,1.707929797202619,CO,mg/m³
2025-09-29,35.47882453550394,45.26194977117212,0.27349298153398344,CO,mg/m³
2025-09-29,35.49458645224048,45.472610308369646,1.7973711334520135,CO,mg/m³
2025-09-29,35.578268807068234,45.52078303661275,1.3392026766828198,CO,mg/m³
2025-09-29,35.529384582039505,45.60364479209148,0.5393362703560703,CO,mg/m³
2025-09-29,35.70986228018007,45.31815866748642,1.6960837811364833,CO,mg/m³
2025-09-29,35.67301862119044,45.313226796404635,1.6817293099815322,CO,mg/m³
2025-09-29,35.6865437850449,45.418186109578244,1.433263442723497,CO,mg/m³
2025-09-29,35.63309701187397,45.273914557905435,0.849514876004765,CO,mg/m³
2025-09-29,35.53588032794185,45.32085696740363,2.9012063133906776,CO,mg/m³
2025-09-29,35.683197431628855,45.33222609121023,1.1649857969485526,CO,mg/m³
2025-09-29,35.55206246747869,45.406439542744046,0.8012710657792738,CO,mg/m³
2025-09-29,35.50851009592231,45.5404817927246,2.3700597812909323,CO,mg/m³
2025-09-29,35.40822678529293,45.343693803232675,0.2045178543213404,CO,mg/m³
2025-09-29,35.519566629561254,45.609437515493305,1.563065799886322,CO,mg/m³
2025-09-29,35.42183198041495,45.51683599327919,0.6916767845499867,CO,mg/m³
2025-09-29,35.50473617341788,45.552873676937914,1.4215829512972502,CO,mg/m³
2025-09-29,35.54726036751342,45.514628903135744,1.5991577925508142,CO,mg/m³
2025-09-28,35.45196271560388,45.30188688093343,1.3106182188035758,CO,mg/m³
2025-09-28,35.49708721094949,45.49128571771973,1.1706025005827023,CO,mg/m³
2025-09-28,35.56365018966066,45.549669014024296,1.511836753166875,CO,mg/m³
2025-09-28,35.50598815815916,45.3778186844532,0.9739385068200354,CO,mg/m³
2025-09-28,35.67432829068979,45.39006676496802,2.800252176782093,CO,mg/m³
2025-09-28,35.4912102712918,45.41180199186716,1.410885576234432,CO,mg/m³
2025-09-28,35.531367567315286,45.53448811767049,2.38887425631104,CO,mg/m³
2025-09-28,35.66213429081009,45.37911445478553,0.2518920242256292,CO,mg/m³
2025-09-28,35.4152535920847,45.399471416849785,1.7729937421437505,CO,mg/m³
2025-09-28,35.49600346122765,45.42993968072933,1.382648768727834,CO,mg/m³
2025-09-28,35.45215456036943,45.49775759372758,1.136837311795583,CO,mg/m³
2025-09-28,35.562377576902676,45.43200843311717,1.3997161583837539,CO,mg/m³
2025-09-28,35.49115308232612,45.581407996159285,1.5085721013197282,CO,mg/m³
2025-09-28,35.46144632536675,45.27374608603238,1.1721414968468846,CO,mg/m³
2025-09-28,35.646897044077015,45.575360283928426,0.2558057452318253,CO,mg/m³
2025-09-28,35.58718012183418,45.542141925460605,1.2916785537329933,CO,mg/m³
2025-09-28,35.58491780907926,45.570164136240145,1.9967638593687445,CO,mg/m³
2025-09-28,35.57180801416865,45.44287572950717,1.2243150819946664,CO,mg/m³
2025-09-28,35.636732324743626,45.42756035139534,1.9252813022059576,CO,mg/m³
2025-09-28,35.59732107750881,45.38735432699936,0.7399902512054075,CO,mg/m³
2025-09-28,35.442834380344074,45.39238767642884,0.9083286878764869,CO,mg/m³
2025-09-28,35.61529146017037,45.456617004420686,1.0542812482953106,CO,mg/m³
2025-09-28,35.465118255339206,45.31577155477582,2.101628001148472,CO,mg/m³
2025-09-28,35.67406086011184,45.32884940307431,1.5172085700519755,CO,mg/m³
2025-09-28,35.579347209904974,45.59606957847215,2.3715909148574528,CO,mg/m³
2025-09-28,35.43210389434679,45.33446036242677,2.945310797716973,CO,mg/m³
2025-09-28,35.452934771774025,45.26450108694756,0.61255302246557,CO,mg/m³
2025-09-28,35.695861966809055,45.276198124855156,2.137487410035842,CO,mg/m³
2025-09-28,35.71183034403652,45.49120130979477,0.6613445426731865,CO,mg/m³
2025-09-28,35.53958675657946,45.59618000566379,2.7764436775028845,CO,mg/m³
2025-09-28,35.532740705200155,45.30945779036728,0.39859981739014616,CO,mg/m³
2025-09-28,35.654470001722984,45.521237020806375,1.1117547658941684,CO,mg/m³
2025-09-28,35.464410428226486,45.392810090124264,2.1866399731493833,CO,mg/m³
2025-09-28,35.48046787268795,45.60986024874047,1.0484230418878127,CO,mg/m³
2025-09-28,35.65198868527485,45.28236309880459,0.1,CO,mg/m³
2025-09-28,35.46647684947125,45.535067208585886,2.2670762995282066,CO,mg/m³
2025-09-28,35.710802411916156,45.50298454974982,1.9092538328818116,CO,mg/m³
2025-09-28,35.585809591770904,45.42708429472187,1.6371376660118018,CO,mg/m³
2025-09-28,35.515457613677135,45.504639003468746,1.3452745801028312,CO,mg/m³
2025-09-28,35.56725976483048,45.57668458794752,0.5259911089532449,CO,mg/m³
2025-09-28,35.64250789696641,45.55797741361071,1.0779818432443011,CO,mg/m³
2025-09-28,35.47042462245655,45.59184657370268,1.0097972231439294,CO,mg/m³
2025-09-28,35.635162662183305,45.5729800497647,2.0163358952804478,CO,mg/m³
2025-09-28,35.42557340809717,45.600418893907985,1.9327076777986703,CO,mg/m³
2025-09-28,35.42250202152973,45.54900300211963,0.9040720305730239,CO,mg/m³
2025-09-28,35.550173911861236,45.44906060526152,1.6292114873784231,CO,mg/m³
2025-09-28,35.48850261700156,45.58286792542975,1.9150943527910982,CO,mg/m³
2025-09-28,35.64626466491272,45.424429951719986,0.7173345601860907,CO,mg/m³
2025-09-28,35.49948047521582,45.42902072136334,1.2884820798951249,CO,mg/m³
2025-09-28,35.7002310725621,45.528449893484485,1.800910135340139,CO,mg/m³
2025-09-28,35.45175452941997,45.39836263654127,1.3354447918110037,CO,mg/m³
2025-09-28,35.59318285677294,45.32094800726953,1.2277891922127626,CO,mg/m³
2025-09-28,35.410794566679414,45.272224010228484,1.2440574081735944,CO,mg/m³
2025-09-28,35.53382668455591,45.410850007782564,0.6162116926517487,CO,mg/m³
2025-09-28,35.51372117336112,45.37065190150271,2.809086904323837,CO,mg/m³
2025-09-28,35.503756521940325,45.35670073821189,0.31023192435636193,CO,mg/m³
2025-09-28,35.53909876867755,45.59181562017443,2.0006954049718657,CO,mg/m³
2025-09-28,35.5819474065462,45.58683180255838,1.8948593256363513,CO,mg/m³
2025-09-28,35.63264143623278,45.42131801760742,0.8207104438316104,CO,mg/m³
2025-09-28,35.626405642051616,45.61226071138397,2.151224134246863,CO,mg/m³
2025-09-28,35.5715411537255,45.27649185293222,1.0697726544592598,CO,mg/m³
2025-09-28,35.432980107659276,45.39208756500604,1.545970019970551,CO,mg/m³
2025-09-28,35.4236393623887,45.615526631618444,1.8493678224689893,CO,mg/m³
2025-09-28,35.586825958064985,45.411804911940195,1.8698948789016818,CO,mg/m³
2025-09-28,35.525400636670476,45.26078590159566,0.5460158771958062,CO,mg/m³
2025-09-28,35.460994268356,45.299616101919405,1.9881362157774431,CO,mg/m³
2025-09-28,35.63511435433353,45.27648041404428,1.1696744553946394,CO,mg/m³
2025-09-28,35.47681193251711,45.27715132113647,0.8996667737740238,CO,mg/m³
2025-09-28,35.48554115967794,45.299739309581796,0.5839694302034762,CO,mg/m³
2025-09-28,35.624755873492646,45.391243550862924,1.0432924290969263,CO,mg/m³
2025-09-28,35.63404529405716,45.52859592707598,1.352044688793922,CO,mg/m³
2025-09-28,35.63237457434911,45.545449165975334,0.752528715251753,CO,mg/m³
2025-09-28,35.65700641085893,45.25247213826271,0.9343507080113103,CO,mg/m³
2025-09-28,35.69031651950103,45.30494564882542,1.4299712908369058,CO,mg/m³
2025-09-28,35.68230736328831,45.606541956338766,1.1204690799019226,CO,mg/m³
2025-09-28,35.576853183962186,45.27969374278536,0.8968567954881465,CO,mg/m³
2025-09-28,35.502021126606664,45.38988269987748,0.7614759017728641,CO,mg/m³
2025-09-28,35.71097660021057,45.41043581664912,1.5878242872765185,CO,mg/m³
2025-09-28,35.62058073967987,45.55943158085463,1.2496961037365903,CO,mg/m³
2025-09-28,35.67275044758494,45.304946713036536,2.068785828914598,CO,mg/m³
2025-09-28,35.444441022477925,45.35507003833477,1.4584780239062762,CO,mg/m³
2025-09-28,35.58061920410986,45.311609610268796,1.7729998161249543,CO,mg/m³
2025-09-28,35.45858236472178,45.28042013101477,0.5604694983222269,CO,mg/m³
2025-09-28,35.6728555155452,45.34918703586314,1.0600934176075159,CO,mg/m³
2025-09-28,35.40231110653673,45.38138223917871,0.6388570928856881,CO,mg/m³
2025-09-28,35.591605627494836,45.26896505905414,1.542296175427451,CO,mg/m³
2025-09-28,35.56631845079224,45.30275494476928,1.7403676517141338,CO,mg/m³
2025-09-28,35.52101892357471,45.255894094028896,1.2734545206806778,CO,mg/m³
2025-09-28,35.40572556198689,45.4950748250423,1.0209522804601303,CO,mg/m³
2025-09-28,35.51312318699844,45.49494941137032,1.5851936490258651,CO,mg/m³
2025-09-28,35.45220777679509,45.37154159358576,2.404921353788871,CO,mg/m³
2025-09-28,35.53144739204285,45.400863414536765,0.3313731770954065,CO,mg/m³
2025-09-28,35.66025004703862,45.545388166902065,1.2586928799856367,CO,mg/m³
2025-09-28,35.528397816424416,45.43407087469793,0.38064289213422065,CO,mg/m³
2025-09-28,35.59781099027573,45.30887331567859,2.8145974655710244,CO,mg/m³
2025-09-28,35.63969645159688,45.51655301289468,1.2021085386894623,CO,mg/m³
2025-09-28,35.603947566353575,45.35183474139206,2.3954570451298536,CO,mg/m³
2025-09-28,35.40836335508045,45.38420943250587,1.3156592015987012,CO,mg/m³
2025-09-28,35.6043754351769,45.485745485872336,0.7477650117570451,CO,mg/m³
2025-09-28,35.415300234354945,45.38022963536932,2.5742634046006447,CO,mg/m³
2025-09-27,35.59911282319762,45.41914290922238,0.34771890009119044,CO,mg/m³
2025-09-27,35.56671163503454,45.48418214376173,0.4219247111341611,CO,mg/m³
2025-09-27,35.41672046309902,45.510954762791,0.6836957983068624,CO,mg/m³
2025-09-27,35.713609526488355,45.46103472848264,1.525273101034288,CO,mg/m³
2025-09-27,35.62281127460781,45.59301417927964,0.8309769788383855,CO,mg/m³
2025-09-27,35.53287423563869,45.35043013397615,0.6233633362948402,CO,mg/m³
2025-09-27,35.646471599760076,45.47387338888205,0.7159865958373457,CO,mg/m³
2025-09-27,35.56965510513624,45.51052406533442,1.1078974278070897,CO,mg/m³
2025-09-27,35.62388601080014,45.42030481983881,1.2119240211004911,CO,mg/m³
2025-09-27,35.53295563174568,45.517937579093314,1.7642784842547559,CO,mg/m³
2025-09-27,35.49388663321678,45.32750479581782,1.343780169100609,CO,mg/m³
2025-09-27,35.49457235262189,45.496011242468725,1.7911336255668773,CO,mg/m³
2025-09-27,35.494885356706334,45.53274886794434,1.212172636946522,CO,mg/m³
2025-09-27,35.68636922073075,45.347364941864704,1.1373624615480318,CO,mg/m³
2025-09-27,35.442862923994504,45.266704634845475,1.0455636997893294,CO,mg/m³
2025-09-27,35.48296402039561,45.546043471478136,0.37846665001332913,CO,mg/m³
2025-09-27,35.41538594084472,45.30780272186437,1.8034661348328382,CO,mg/m³
2025-09-27,35.714776790184374,45.53804395745223,1.0161746347392167,CO,mg/m³
2025-09-27,35.59171769241963,45.405567298867396,1.3217362097426248,CO,mg/m³
2025-09-27,35.56524802066109,45.529753630919146,1.1829005866194535,CO,mg/m³
2025-09-27,35.45002631691997,45.606710462344175,1.6495777866858035,CO,mg/m³
2025-09-27,35.42189592737115,45.59301925000022,1.8947993196062873,CO,mg/m³
2025-09-27,35.70151931446762,45.36539727029601,0.8857173433539349,CO,mg/m³
2025-09-27,35.46958221307548,45.428577269016245,0.7904838017037299,CO,mg/m³
2025-09-27,35.64426802785758,45.54832055131073,0.242766178033061,CO,mg/m³
2025-09-27,35.69686904286197,45.453738282491564,1.0951022792223803,CO,mg/m³
2025-09-27,35.48263285274548,45.44189698431825,1.1702754598456795,CO,mg/m³
2025-09-27,35.70265398299594,45.403237268739616,0.3943748384427913,CO,mg/m³
2025-09-27,35.446408331418326,45.3027622740704,0.9850470869805187,CO,mg/m³
2025-09-27,35.67577978361774,45.44795324677784,0.7542003106343819,CO,mg/m³
2025-09-27,35.58099412836572,45.449997878385545,0.9706974100032508,CO,mg/m³
2025-09-27,35.543647401427165,45.47996568811694,0.4186434514450176,CO,mg/m³
2025-09-27,35.64815897298787,45.3178862963815,0.2932311859891013,CO,mg/m³
2025-09-27,35.40925554722382,45.4377998894907,1.2304652104288094,CO,mg/m³
2025-09-27,35.54979734968168,45.31919411785734,0.5250605236215768,CO,mg/m³
2025-09-27,35.68686097154311,45.58043509893558,0.5392039568691929,CO,mg/m³
2025-09-27,35.59183330067129,45.50173369707412,0.7093919665456522,CO,mg/m³
2025-09-27,35.51046000868072,45.61311454153564,0.768443771838983,CO,mg/m³
2025-09-27,35.456696280315995,45.61872076603164,2.4834386474909853,CO,mg/m³
2025-09-27,35.43411960910524,45.367609907652835,0.9449894472816145,CO,mg/m³
2025-09-27,35.520130849304806,45.26792384508609,1.7191183056659785,CO,mg/m³
2025-09-27,35.648567975364294,45.337210044159,1.9699247760371557,CO,mg/m³
2025-09-27,35.70740333202393,45.59232942917242,1.2148147003830165,CO,mg/m³
2025-09-27,35.40393819749227,45.2722800403619,1.2541110283466113,CO,mg/m³
2025-09-27,35.42149257417274,45.60866990890792,0.539164446782317,CO,mg/m³
2025-09-27,35.64157841863577,45.486220550366035,0.5910248485582938,CO,mg/m³
2025-09-27,35.621725572699106,45.60938006671101,1.3610073195070018,CO,mg/m³
2025-09-27,35.6490118398674,45.360568242440195,2.038985653479394,CO,mg/m³
2025-09-27,35.60891368571411,45.29334772645611,1.2095293298240581,CO,mg/m³
2025-09-27,35.41774136027085,45.52587614522196,1.6134423216116645,CO,mg/m³
2025-09-27,35.57718817328433,45.54363438142218,2.3477235558530904,CO,mg/m³
2025-09-27,35.46961086493744,45.37372274813604,1.1731161664569705,CO,mg/m³
2025-09-27,35.496768448326655,45.252271559796135,0.9128690895025345,CO,mg/m³
2025-09-27,35.61582599652675,45.55211632027491,0.22839016283961483,CO,mg/m³
2025-09-27,35.43262550899019,45.57495784698133,1.7618574005115728,CO,mg/m³
2025-09-27,35.503346231297996,45.445932514095304,1.6289186885401576,CO,mg/m³
2025-09-27,35.40658639034951,45.477649185886094,2.218362912839093,CO,mg/m³
2025-09-27,35.714549567151764,45.37755445053934,2.032301940384749,CO,mg/m³
2025-09-27,35.43618458639203,45.55679670398023,1.681773455009256,CO,mg/m³
2025-09-27,35.61476778343682,45.613829535642346,1.378634580663778,CO,mg/m³
2025-09-27,35.64311602240159,45.386119681814435,0.8237292205068194,CO,mg/m³
2025-09-27,35.52315534678254,45.26469905004517,1.2599355435139203,CO,mg/m³
2025-09-27,35.4525777504097,45.46977867897278,2.2231627322620766,CO,mg/m³
2025-09-27,35.61219109844795,45.30107743650538,1.7576556726095476,CO,mg/m³
2025-09-27,35.60931878300115,45.31691900963244,0.1,CO,mg/m³
2025-09-27,35.452994022711735,45.38735617154927,0.45756928876073216,CO,mg/m³
2025-09-27,35.55928431888909,45.56393317559301,0.7411644804478251,CO,mg/m³
2025-09-27,35.42134772727496,45.49454305818152,2.174618705462705,CO,mg/m³
2025-09-27,35.66284450127061,45.4699257937221,0.933128551307562,CO,mg/m³
2025-09-27,35.600480744665894,45.61293937631499,2.4894803536989554,CO,mg/m³
2025-09-27,35.506748276963094,45.47530264085172,2.273104558970558,CO,mg/m³
2025-09-27,35.46652760270353,45.588889447957854,1.9312274004681493,CO,mg/m³
2025-09-27,35.69278528068101,45.52735019003789,1.4784309934122384,CO,mg/m³
2025-09-27,35.606247301713545,45.457715463181884,0.6537906125840258,CO,mg/m³
2025-09-27,35.624256784975884,45.56910473255998,1.4267132104750067,CO,mg/m³
2025-09-27,35.480058463199526,45.493304445040465,0.3069595075395488,CO,mg/m³
2025-09-27,35.524807938544576,45.46020821852828,2.1163769831569583,CO,mg/m³
2025-09-27,35.59189930469792,45.505403135824935,0.827940176667879,CO,mg/m³
2025-09-27,35.5860893590823,45.28358988475407,2.2744706340230927,CO,mg/m³
2025-09-27,35.55300386846516,45.590022478899805,0.6833627145398146,CO,mg/m³
2025-09-27,35.487957340779396,45.34642561154815,1.968817537936108,CO,mg/m³
2025-09-27,35.691207783571485,45.40555880774165,0.8042586614617712,CO,mg/m³
2025-09-27,35.51754859163462,45.597953764468116,1.8809942620132094,CO,mg/m³
2025-09-27,35.58735047153692,45.363489731612596,2.532993833444436,CO,mg/m³
2025-09-27,35.60756912221536,45.335177790743856,1.703636119832858,CO,mg/m³
2025-09-27,35.46476823323509,45.38793843029711,1.359957535640858,CO,mg/m³
2025-09-27,35.524724810885644,45.30304363774814,0.7771030077170109,CO,mg/m³
2025-09-27,35.533418508328865,45.37895733305046,1.882886076845102,CO,mg/m³
2025-09-27,35.68971773353102,45.32035412253055,1.7525498275070377,CO,mg/m³
2025-09-27,35.65931643758215,45.58112895348527,1.9375419564505447,CO,mg/m³
2025-09-27,35.647306970236876,45.374935865353265,0.9951788240133945,CO,mg/m³
2025-09-27,35.53918163512216,45.26450037333438,0.920408617680287,CO,mg/m³
2025-09-27,35.69327007909196,45.481405739887414,1.6728140369619773,CO,mg/m³
2025-09-27,35.45045657753298,45.57208850384843,0.5681017078740108,CO,mg/m³
2025-09-27,35.49371207730223,45.56650768531796,1.1676080192446683,CO,mg/m³
2025-09-27,35.535270665990964,45.60532248784983,1.554190775977804,CO,mg/m³
2025-09-27,35.66723566148035,45.52585550092398,0.7486705945289291,CO,mg/m³
2025-09-27,35.6078318455193,45.5334373178313,0.5958533157318259,CO,mg/m³
2025-09-27,35.52093592089,45.54124568160153,1.1160300705465862,CO,mg/m³
2025-09-27,35.59540612881316,45.25442900152888,3.1899684121977394,CO,mg/m³
2025-09-26,35.49688690314014,45.52133789489714,1.291886424852123,CO,mg/m³
2025-09-26,35.50566015419264,45.311776748692125,2.5397434821485385,CO,mg/m³
2025-09-26,35.5927365509644,45.616134382644425,0.7473114106105921,CO,mg/m³
2025-09-26,35.62157305965197,45.603607632308986,2.8445243029370206,CO,mg/m³
2025-09-26,35.660756697962505,45.61723391655116,1.5199793706717022,CO,mg/m³
2025-09-26,35.48344012291155,45.61808326193468,1.5261569176801977,CO,mg/m³
2025-09-26,35.699532015132746,45.271421817483784,0.8622108145547434,CO,mg/m³
2025-09-26,35.648008699799036,45.579022257397526,0.7095202996019103,CO,mg/m³
2025-09-26,35.6561600330539,45.50841549074587,2.494815018414825,CO,mg/m³
2025-09-26,35.49284839017386,45.604123680825495,0.9992853603294746,CO,mg/m³
2025-09-26,35.41631940642629,45.60603906680373,1.6442552575607947,CO,mg/m³
2025-09-26,35.472397866385705,45.3230216413736,2.642715715774957,CO,mg/m³
2025-09-26,35.52110844415058,45.423110644968546,1.9687513518123283,CO,mg/m³
2025-09-26,35.41104189347759,45.58473440655714,1.6498987622486467,CO,mg/m³
2025-09-26,35.50839501864387,45.32113046253863,0.586861853508579,CO,mg/m³
2025-09-26,35.45896704057795,45.532038959940635,1.9287443488533045,CO,mg/m³
2025-09-26,35.66163526435883,45.269866637081556,0.9844732038864767,CO,mg/m³
2025-09-26,35.50950216179745,45.312131161146176,0.3572432884337883,CO,mg/m³
2025-09-26,35.66939342518656,45.533145927714095,1.3724689239267116,CO,mg/m³
2025-09-26,35.420861623322615,45.50795000149679,0.47617248300192994,CO,mg/m³
2025-09-26,35.58109625322805,45.42985603014061,1.1489450885059695,CO,mg/m³
2025-09-26,35.46637329212043,45.31345445441641,1.6774047870549542,CO,mg/m³
2025-09-26,35.6734401073457,45.31036881073751,1.1531786262591306,CO,mg/m³
2025-09-26,35.51809522159513,45.616331538047504,1.398879974739921,CO,mg/m³
2025-09-26,35.4640849615332,45.4957802014553,0.7267491200245382,CO,mg/m³
2025-09-26,35.56892250359076,45.554785812767534,2.320898756669818,CO,mg/m³
2025-09-26,35.64855612991605,45.29443890798512,0.6415590460281814,CO,mg/m³
2025-09-26,35.477952685276385,45.4878026750148,1.3135098439977118,CO,mg/m³
2025-09-26,35.688801568762926,45.571844335595856,0.8601727684220393,CO,mg/m³
2025-09-26,35.6433264182719,45.56598722887726,0.9009408166491726,CO,mg/m³
2025-09-26,35.622507341639654,45.38673198372326,1.6359235904191969,CO,mg/m³
2025-09-26,35.70638990214189,45.343345958994995,1.5638193944246195,CO,mg/m³
2025-09-26,35.69938308658937,45.37652333177949,0.9625921661805968,CO,mg/m³
2025-09-26,35.713370206598555,45.33508255234321,1.5417653911999842,CO,mg/m³
2025-09-26,35.65459725450492,45.30267426778207,1.2844058232338607,CO,mg/m³
2025-09-26,35.65231073742853,45.53972458572567,0.8391600486774653,CO,mg/m³
2025-09-26,35.59805001169145,45.52486126228614,0.9362785427627147,CO,mg/m³
2025-09-26,35.5475352939329,45.55558001668314,1.39291537889787,CO,mg/m³
2025-09-26,35.682493058653286,45.36066346707617,1.685239514156594,CO,mg/m³
2025-09-26,35.62446871565081,45.59821723902442,2.2472430674969393,CO,mg/m³
2025-09-26,35.52560920576103,45.470508176159434,1.6085208700676166,CO,mg/m³
2025-09-26,35.54836168554361,45.46221728887813,1.0272577103539366,CO,mg/m³
2025-09-26,35.61456231884163,45.32677741043914,1.4319836555779082,CO,mg/m³
2025-09-26,35.4993905341036,45.59243294477027,0.885959768777654,CO,mg/m³
2025-09-26,35.57629566292103,45.3693073490449,0.259251774226248,CO,mg/m³
2025-09-26,35.57695995168688,45.55995205628156,2.10579655890925,CO,mg/m³
2025-09-26,35.63161134595203,45.502812826470176,1.6142379273183511,CO,mg/m³
2025-09-26,35.52337741736764,45.60105822548186,0.2943391360557864,CO,mg/m³
2025-09-26,35.519635102680354,45.34823721781352,1.3214418210645416,CO,mg/m³
2025-09-26,35.645155585521245,45.61074565923661,1.4123772713501448,CO,mg/m³
2025-09-26,35.45110489775313,45.52217871915921,1.9820082682574502,CO,mg/m³
2025-09-26,35.63711209573387,45.52366350641173,0.5495371121570678,CO,mg/m³
2025-09-26,35.544300520581835,45.33146376743909,1.2276572636666254,CO,mg/m³
2025-09-26,35.54145238803421,45.27989311328337,1.6812327328374557,CO,mg/m³
2025-09-26,35.42933128803687,45.379611003505126,0.8213086819932536,CO,mg/m³
2025-09-26,35.65411193718214,45.37800889644277,1.9737955951752053,CO,mg/m³
2025-09-26,35.6110806000874,45.455544312209845,1.8829034618512566,CO,mg/m³
2025-09-26,35.65246808208302,45.49916080077389,0.7659766362902786,CO,mg/m³
2025-09-26,35.594167797821974,45.615706934601015,0.7179749019860111,CO,mg/m³
2025-09-26,35.41114720576221,45.35537652552945,1.3634980000525905,CO,mg/m³
2025-09-26,35.48165363314807,45.39231248462411,0.7998498977390193,CO,mg/m³
2025-09-26,35.43353937687151,45.488997051790186,2.7994549224779814,CO,mg/m³
2025-09-26,35.624850587900916,45.49349499964665,1.2004773219444003,CO,mg/m³
2025-09-26,35.709211661552544,45.33681660993071,2.887079334651871,CO,mg/m³
2025-09-26,35.42087022356474,45.3772210270264,0.9984114348866268,CO,mg/m³
2025-09-26,35.629574804952135,45.28514881866517,2.4195555852727657,CO,mg/m³
2025-09-26,35.64210123057673,45.406381183183335,1.0534439704615275,CO,mg/m³
2025-09-26,35.52720477444727,45.37706525099797,1.7244627393588485,CO,mg/m³
2025-09-26,35.51042895547518,45.309092172920025,1.280236780667443,CO,mg/m³
2025-09-26,35.66998768479133,45.595556213442485,1.569700215639058,CO,mg/m³
2025-09-26,35.603770167601475,45.30134370107854,0.6979355082243864,CO,mg/m³
2025-09-26,35.519856024070535,45.50774778088782,0.7687312388960195,CO,mg/m³
2025-09-26,35.58047094937772,45.3137170249758,0.9530173345238826,CO,mg/m³
2025-09-26,35.57370068715334,45.26864723921994,1.6680493366892657,CO,mg/m³
2025-09-26,35.40071032574198,45.441295317321,1.120235064557823,CO,mg/m³
2025-09-26,35.576149866516026,45.40235421716413,1.0325139063383328,CO,mg/m³
2025-09-26,35.70265336324513,45.30093355972009,1.3614511885220997,CO,mg/m³
2025-09-26,35.61175564348195,45.3421315872469,1.2091203229680412,CO,mg/m³
2025-09-26,35.43372157710819,45.56317615583937,1.6808976376410765,CO,mg/m³
2025-09-26,35.57067531108471,45.47981155367117,1.3956721352745223,CO,mg/m³
2025-09-26,35.54050691491464,45.49486891269336,0.9592298672360666,CO,mg/m³
2025-09-26,35.44373302116879,45.55328410767692,1.1983302726484855,CO,mg/m³
2025-09-26,35.46395171693962,45.57048934510281,1.1005424690922094,CO,mg/m³
2025-09-26,35.621807145192996,45.528207240251454,0.9686036145336385,CO,mg/m³
2025-09-26,35.583623413027134,45.36022698355419,0.376931659423966,CO,mg/m³
2025-09-26,35.57385206818467,45.28417474711172,0.3387100180843921,CO,mg/m³
2025-09-26,35.416310122633185,45.52572955327422,0.856494316839703,CO,mg/m³
2025-09-26,35.46674432795937,45.5695971301195,1.3076817455255696,CO,mg/m³
2025-09-26,35.61789733989455,45.57985249428091,1.4898909953125348,CO,mg/m³
2025-09-26,35.67676955055185,45.445888535025325,2.214022450663076,CO,mg/m³
2025-09-26,35.58424187565582,45.448080994092315,0.5905130998327314,CO,mg/m³
2025-09-26,35.48202995112922,45.36288152720444,0.8420125815334187,CO,mg/m³
2025-09-26,35.54677611452172,45.31911282961692,1.770996510502113,CO,mg/m³
2025-09-26,35.52768284609622,45.34254072082186,0.6838853474076155,CO,mg/m³
2025-09-26,35.60773669656761,45.608354743030404,0.9337631629448592,CO,mg/m³
2025-09-26,35.650062946015574,45.49406109264474,1.6453027426151994,CO,mg/m³
2025-09-26,35.45428361732169,45.47176797566695,1.9812663458324495,CO,mg/m³
2025-09-26,35.45962402395137,45.531022705258856,0.6178968709582665,CO,mg/m³
2025-09-26,35.62131096080154,45.2963258917172,1.7301463622313056,CO,mg/m³
2025-09-26,35.408724938814636,45.59739894132744,1.1337310291281282,CO,mg/m³
2025-09-25,35.711350965515535,45.46561566787935,0.9643892307960023,CO,mg/m³
2025-09-25,35.4390514860855,45.53550792962096,2.594503579944162,CO,mg/m³
2025-09-25,35.49602404927013,45.47156761493786,1.435325994964399,CO,mg/m³
2025-09-25,35.42163853294624,45.59758453382393,1.1438975721962492,CO,mg/m³
2025-09-25,35.62796973615992,45.26984905835408,0.9564308521850201,CO,mg/m³
2025-09-25,35.69945731980802,45.51017877685045,0.8324509887394146,CO,mg/m³
2025-09-25,35.66663803817297,45.55436207744417,1.7652704549602485,CO,mg/m³
2025-09-25,35.620056107377565,45.38955159423886,0.9111118699762892,CO,mg/m³
2025-09-25,35.6974083471465,45.37130568191673,0.4246514326327686,CO,mg/m³
2025-09-25,35.40118761230241,45.49054999355344,0.7787955950111154,CO,mg/m³
2025-09-25,35.47505704999661,45.39870235303181,1.7868553942044831,CO,mg/m³
2025-09-25,35.45707283414229,45.5490959433282,1.8897244217643576,CO,mg/m³
2025-09-25,35.486144644304176,45.31800084015738,1.1406582248710317,CO,mg/m³
2025-09-25,35.66647306496767,45.3299140494069,2.5560367549187823,CO,mg/m³
2025-09-25,35.571967692494795,45.53524125724854,0.9534065892633091,CO,mg/m³
2025-09-25,35.65952333094128,45.60440912841564,0.9174236949382679,CO,mg/m³
2025-09-25,35.630788206183986,45.251243138854605,1.5576559301607498,CO,mg/m³
2025-09-25,35.48465088022974,45.57754641021214,1.4568159177617537,CO,mg/m³
2025-09-25,35.40875639903929,45.4034279850132,0.873700499305889,CO,mg/m³
2025-09-25,35.42163006899749,45.378449984375,0.38509937765711877,CO,mg/m³
2025-09-25,35.67877985217016,45.3949405601754,1.2479629521363846,CO,mg/m³
2025-09-25,35.6869229614443,45.48561116299017,1.3561384830849672,CO,mg/m³
2025-09-25,35.401346958539015,45.4777056868057,1.1815263784834908,CO,mg/m³
2025-09-25,35.59440169909787,45.58762559194571,0.4011296694226193,CO,mg/m³
2025-09-25,35.500638023447536,45.50843880257769,1.145397627360847,CO,mg/m³
2025-09-25,35.665264540641694,45.54115943109472,1.0924389740284648,CO,mg/m³
2025-09-25,35.44072786938187,45.59005164190341,1.0664180847624738,CO,mg/m³
2025-09-25,35.559867917276854,45.59018678710481,2.724984475063231,CO,mg/m³
2025-09-25,35.62255710387959,45.42365589317606,1.0786468561922027,CO,mg/m³
2025-09-25,35.50027091906709,45.492956321950565,0.6190323384625683,CO,mg/m³
2025-09-25,35.659134808964524,45.34224378736931,1.961177185390657,CO,mg/m³
2025-09-25,35.51401699396674,45.463849677872155,0.8516549500161671,CO,mg/m³
2025-09-25,35.55552124661477,45.46716502224702,0.3265056071876967,CO,mg/m³
2025-09-25,35.49586424975171,45.56451455470444,2.2101828972351028,CO,mg/m³
2025-09-25,35.619158629927,45.32472014684214,2.659055691693023,CO,mg/m³
2025-09-25,35.66430696477093,45.57887412537697,0.9481939402326139,CO,mg/m³
2025-09-25,35.52687122337715,45.57587807337399,0.8720288754281071,CO,mg/m³
2025-09-25,35.591817044302886,45.55238828574132,0.5165027884603253,CO,mg/m³
2025-09-25,35.60124513366752,45.31836291993469,2.5504133886826654,CO,mg/m³
2025-09-25,35.665854148904714,45.484203060349714,0.9599443760332504,CO,mg/m³
2025-09-25,35.537793599999915,45.56310487526979,0.9626682292394291,CO,mg/m³
2025-09-25,35.5989782604267,45.618442693015204,3.245363703615107,CO,mg/m³
2025-09-25,35.43173481102584,45.334163617375026,0.9993660990358108,CO,mg/m³
2025-09-25,35.592781044675014,45.48584414423186,1.9549245158206998,CO,mg/m³
2025-09-25,35.56954296520785,45.40519542178068,1.9734835009107385,CO,mg/m³
2025-09-25,35.552304625682794,45.44317103892308,1.194117250179398,CO,mg/m³
2025-09-25,35.4354564575197,45.31733587436018,0.8009250808794105,CO,mg/m³
2025-09-25,35.514148707934716,45.514809811929275,0.7474548137370116,CO,mg/m³
2025-09-25,35.55314616897334,45.53175608171926,1.0018385648073584,CO,mg/m³
2025-09-25,35.45686883998544,45.605490208502744,2.0622040932573147,CO,mg/m³
2025-09-25,35.55705301655432,45.32950940033721,0.9496750551285367,CO,mg/m³
2025-09-25,35.68665588394413,45.459232004561,1.8742821874909104,CO,mg/m³
2025-09-25,35.52305332688496,45.43140346630554,0.5482065512724755,CO,mg/m³
2025-09-25,35.71665055309597,45.30906663857966,1.5858329460882563,CO,mg/m³
2025-09-25,35.63491971845389,45.60982097237108,1.933485014595909,CO,mg/m³
2025-09-25,35.527272794752015,45.38435477058658,1.1124049336914237,CO,mg/m³
2025-09-25,35.60829706167939,45.52852588203868,1.528542056997451,CO,mg/m³
2025-09-25,35.55059332849531,45.32730013342,0.4500391169034418,CO,mg/m³
2025-09-25,35.53332940547777,45.34016861443274,0.9208075218066778,CO,mg/m³
2025-09-25,35.6165069354485,45.496252458078345,0.3768182691936525,CO,mg/m³
2025-09-25,35.52533003248206,45.289906866768355,0.7142812471885095,CO,mg/m³
2025-09-25,35.53286442879195,45.324757001947475,2.640500625692671,CO,mg/m³
2025-09-25,35.65911289114935,45.486057624157695,0.6622626938291681,CO,mg/m³
2025-09-25,35.51640331615275,45.420168013064256,0.9416770253530165,CO,mg/m³
2025-09-25,35.623282897383014,45.53299834455724,0.8874379013550302,CO,mg/m³
2025-09-25,35.65651673700404,45.414521605616066,1.4077716665507554,CO,mg/m³
2025-09-25,35.67374306205178,45.459915320263775,0.9747511674911983,CO,mg/m³
2025-09-25,35.472474371374666,45.49963196110365,1.7754759805778204,CO,mg/m³
2025-09-25,35.52699957975082,45.25751149939369,0.6704603084533374,CO,mg/m³
2025-09-25,35.428030986517555,45.56923600552399,1.3409948605469113,CO,mg/m³
2025-09-25,35.48716511164054,45.454109845958925,0.6449367114683655,CO,mg/m³
2025-09-25,35.630184031014316,45.4828058775175,2.0873201794593683,CO,mg/m³
2025-09-25,35.40349620744962,45.27349336820643,2.4515826986291307,CO,mg/m³
2025-09-25,35.52095313425562,45.387795900316,0.6486071300265883,CO,mg/m³
2025-09-25,35.4759712100898,45.47052897130798,0.9383061466020415,CO,mg/m³
2025-09-25,35.57134920933531,45.35985373040413,0.3691467379305471,CO,mg/m³
2025-09-25,35.59393290593256,45.44582396382443,1.0050395018470961,CO,mg/m³
2025-09-25,35.70287214357664,45.27718672906576,1.4919135841663573,CO,mg/m³
2025-09-25,35.65483607714265,45.37877313044552,0.5171462635876501,CO,mg/m³
2025-09-25,35.689348870949786,45.27332667542951,1.3122704819926179,CO,mg/m³
2025-09-25,35.469955839880846,45.46673462244856,1.7957110110934582,CO,mg/m³
2025-09-25,35.608040156825986,45.463057001818974,2.2498770819296423,CO,mg/m³
2025-09-25,35.71771588222237,45.43379588840006,0.6934796599794456,CO,mg/m³
2025-09-25,35.62996267337875,45.30393427102626,2.1349141337081687,CO,mg/m³
2025-09-25,35.46508181827593,45.450556129852274,1.9580575487587484,CO,mg/m³
2025-09-25,35.438334285290125,45.49510634250966,0.703288967698462,CO,mg/m³
2025-09-25,35.70414059911659,45.37441949621426,0.8736353612319273,CO,mg/m³
2025-09-25,35.423223217182375,45.436538100375245,0.38263642668903103,CO,mg/m³
2025-09-25,35.49260273961715,45.43788877065928,0.4856926697535478,CO,mg/m³
2025-09-25,35.58383397373345,45.463360736418366,1.3690097745339296,CO,mg/m³
2025-09-25,35.688113264543794,45.42658742296216,0.7743742639657113,CO,mg/m³
2025-09-25,35.46179812704663,45.58483621981121,1.9719219690266663,CO,mg/m³
2025-09-25,35.506002384937275,45.3441778674904,1.059633498449439,CO,mg/m³
2025-09-25,35.424120027294684,45.461121483824634,0.764352308573518,CO,mg/m³
2025-09-25,35.65405292025464,45.40210669779261,1.4703242624373898,CO,mg/m³
2025-09-25,35.419367090089935,45.47266613034292,2.5404463921281453,CO,mg/m³
2025-09-25,35.508086230334925,45.617167123476264,0.7281745699034379,CO,mg/m³
2025-09-25,35.567282810818085,45.57720587659161,1.7393148991970313,CO,mg/m³
2025-09-25,35.6340702565406,45.38707633513182,1.8979839689275921,CO,mg/m³
2025-09-25,35.42385268856881,45.34772052120129,1.5979467235899563,CO,mg/m³
