lat,lon,elevation,slope_percent,suitability_score,suitable
35.4108,45.2847,823.0,3.054257994970065,69.45742005029936,True
35.4108,45.2947,838.0,3.1124894249144557,68.87510575085545,True
35.4108,45.3047,845.0,2.032646155046175,79.67353844953826,True
35.4108,45.314699999999995,856.0,5.780337503412561,42.1966249658744,False
35.4108,45.32469999999999,877.0,6.2881782249383695,37.1182177506163,False
35.4108,45.33469999999999,890.0,3.620650963676,63.793490363240004,True
35.4108,45.34469999999999,887.0,4.636974041199087,53.63025958800913,True
35.4108,45.35469999999999,911.0,4.401724757456858,55.98275242543143,True
35.4108,45.364699999999985,951.0,5.780337503412561,42.1966249658744,False
35.4108,45.37469999999998,958.0,7.545813869926042,24.541861300739576,False
35.4108,45.38469999999998,1020.0,7.241301927352,27.586980726480004,False
35.4108,45.39469999999998,1012.0,11.878275968551085,0.0,False
35.4108,45.40469999999998,1084.0,15.054285585810733,0.0,False
35.4108,45.414699999999975,1101.0,19.7628458498063,0.0,False
35.4108,45.42469999999997,1258.0,24.455274052899295,0.0,False
35.4108,45.43469999999997,1216.0,30.812073302198005,0.0,False
35.4108,45.44469999999997,1009.0,18.595041322317748,0.0,False
35.4108,45.45469999999997,873.0,12.21703197988026,0.0,False
35.4108,45.464699999999965,794.0,7.096658282430444,29.033417175695565,False
35.4108,45.47469999999996,753.0,5.33569615699621,46.6430384300379,False
35.4108,45.48469999999996,734.0,5.8438576957577535,41.56142304242246,False
35.4108,45.49469999999996,679.0,4.940711462451575,50.59288537548425,True
35.4108,45.50469999999996,649.0,2.6949335249735866,73.05066475026413,True
35.4108,45.514699999999955,623.0,2.3356090549771085,76.64390945022892,True
35.4108,45.52469999999995,629.0,2.223206732081754,77.76793267918246,True
35.4108,45.53469999999995,632.0,2.8745957599718257,71.25404240028175,True
35.4108,45.54469999999995,648.0,3.6841711560211925,63.15828843978808,True
35.4108,45.55469999999995,653.0,4.761049227453337,52.389507725466636,True
35.4108,45.564699999999945,673.0,3.1440891124691848,68.55910887530816,True
35.4108,45.57469999999994,664.0,2.794888463188491,72.05111536811509,True
35.4108,45.58469999999994,663.0,2.245777937477989,77.54222062522011,True
35.4208,45.2847,789.0,6.10851598994013,38.9148401005987,False
35.4208,45.2947,813.0,5.749191519943651,42.50808480056348,False
35.4208,45.3047,848.0,3.233920229968304,67.66079770031696,True
35.4208,45.314699999999995,866.0,7.276320517428685,27.23679482571315,False
35.4208,45.32469999999999,947.0,7.276320517428685,27.23679482571315,False
35.4208,45.33469999999999,912.0,5.780337503412561,42.1966249658744,False
35.4208,45.34469999999999,925.0,7.006827164931326,29.931728350686736,False
35.4208,45.35469999999999,960.0,10.925473083373191,0.0,False
35.4208,45.364699999999985,974.0,18.929017318867505,0.0,False
35.4208,45.37469999999998,1042.0,20.661157024797497,0.0,False
35.4208,45.38469999999998,1073.0,17.87639238232479,0.0,False
35.4208,45.39469999999998,1134.0,10.959396334892586,0.0,False
35.4208,45.40469999999998,1199.0,15.625967316917471,0.0,False
35.4208,45.414699999999975,1321.0,33.057851239676,0.0,False
35.4208,45.42469999999997,1034.0,25.781530722247314,0.0,False
35.4208,45.43469999999997,873.0,30.812073302198005,0.0,False
35.4208,45.44469999999997,839.0,23.94711251413775,0.0,False
35.4208,45.45469999999997,796.0,13.529800969526104,0.0,False
35.4208,45.464699999999965,776.0,6.161458657483719,38.38541342516282,False
35.4208,45.47469999999996,726.0,5.120373697449815,48.79626302550185,False
35.4208,45.48469999999996,669.0,5.839022637442771,41.60977362557229,False
35.4208,45.49469999999996,642.0,5.8438576957577535,41.56142304242246,False
35.4208,45.50469999999996,622.0,3.620650963676,63.793490363240004,True
35.4208,45.514699999999955,607.0,3.4300903866404204,65.69909613359579,True
35.4208,45.52469999999995,638.0,2.784764642472706,72.15235357527294,True
35.4208,45.53469999999995,664.0,2.8745957599718257,71.25404240028175,True
35.4208,45.54469999999995,673.0,2.9644268774709452,70.35573122529055,True
35.4208,45.55469999999995,706.0,4.761049227453337,52.389507725466636,True
35.4208,45.564699999999945,708.0,3.4936105789856136,65.06389421014387,True
35.4208,45.57469999999994,686.0,2.605102407474467,73.94897592525534,True
35.4208,45.58469999999994,688.0,3.503413582465663,64.96586417534337,True
35.4308,45.2847,857.0,23.176428314772846,0.0,False
35.4308,45.2947,877.0,15.117805778155926,0.0,False
35.4308,45.3047,884.0,7.558902889077963,24.41097110922037,False
35.4308,45.314699999999995,884.0,5.589776926376982,44.10223073623018,False
35.4308,45.32469999999999,921.0,6.097938465138526,39.02061534861474,False
35.4308,45.33469999999999,944.0,6.669620196245263,33.303798037547374,False
35.4308,45.34469999999999,1003.0,7.006827164931326,29.931728350686736,False
35.4308,45.35469999999999,1011.0,13.466280777180911,0.0,False
35.4308,45.364699999999985,1132.0,14.193316564860888,0.0,False
35.4308,45.37469999999998,1272.0,20.661157024797497,0.0,False
35.4308,45.38469999999998,1272.0,17.87639238232479,0.0,False
35.4308,45.39469999999998,1174.0,18.103254818379995,0.0,False
35.4308,45.40469999999998,1096.0,18.595041322317748,0.0,False
35.4308,45.414699999999975,953.0,33.057851239676,0.0,False
35.4308,45.42469999999997,940.0,24.201193283518524,0.0,False
35.4308,45.43469999999997,847.0,11.878275968551085,0.0,False
35.4308,45.44469999999997,778.0,6.198347107439249,38.01652892560752,False
35.4308,45.45469999999997,725.0,7.241301927352,27.586980726480004,False
35.4308,45.464699999999965,714.0,5.569529284945412,44.30470715054587,False
35.4308,45.47469999999996,690.0,5.462736541686596,45.372634583134044,False
35.4308,45.48469999999996,677.0,3.6841711560211925,63.15828843978808,True
35.4308,45.49469999999996,651.0,2.8745957599718257,71.25404240028175,True
35.4308,45.50469999999996,624.0,2.425440172476228,75.74559827523773,True
35.4308,45.514699999999955,638.0,2.784764642472706,72.15235357527294,True
35.4308,45.52469999999995,661.0,3.4300903866404204,65.69909613359579,True
35.4308,45.53469999999995,679.0,2.604327886152912,73.95672113847088,True
35.4308,45.54469999999995,684.0,3.3665701942952277,66.33429805704772,True
35.4308,45.55469999999995,696.0,3.6830758174639016,63.16924182536099,True
35.4308,45.564699999999945,717.0,2.604327886152912,73.95672113847088,True
35.4308,45.57469999999994,715.0,3.862738052462141,61.372619475378585,True
35.4308,45.58469999999994,727.0,3.862738052462141,61.372619475378585,True
35.440799999999996,45.2847,1115.0,23.176428314772846,0.0,False
35.440799999999996,45.2947,1003.0,11.318720804889065,0.0,False
35.440799999999996,45.3047,952.0,6.10851598994013,38.9148401005987,False
35.440799999999996,45.314699999999995,894.0,8.702266351291438,12.977336487085612,False
35.440799999999996,45.32469999999999,972.0,7.749463466113543,22.505365338864568,False
35.440799999999996,45.33469999999999,1017.0,6.916996047432206,30.830039525677943,False
35.440799999999996,45.34469999999999,1049.0,6.669620196245263,33.303798037547374,False
35.440799999999996,45.35469999999999,1101.0,10.959396334892586,0.0,False
35.440799999999996,45.364699999999985,1223.0,13.466280777180911,0.0,False
35.440799999999996,45.37469999999998,1255.0,19.754779819355015,0.0,False
35.440799999999996,45.38469999999998,1287.0,30.812073302198005,0.0,False
35.440799999999996,45.39469999999998,1149.0,23.356090549771086,0.0,False
35.440799999999996,45.40469999999998,889.0,23.356090549771086,0.0,False
35.440799999999996,45.414699999999975,844.0,16.007088470988627,0.0,False
35.440799999999996,45.42469999999997,813.0,11.408551922388185,0.0,False
35.440799999999996,45.43469999999997,768.0,10.925473083373191,0.0,False
35.440799999999996,45.44469999999997,754.0,5.907377888102946,40.92622111897054,False
35.440799999999996,45.45469999999997,741.0,5.210204814948934,47.89795185051066,False
35.440799999999996,45.464699999999965,683.0,5.210204814948934,47.89795185051066,False
35.440799999999996,45.47469999999996,657.0,3.620650963676,63.793490363240004,True
35.440799999999996,45.48469999999996,641.0,3.233920229968304,67.66079770031696,True
35.440799999999996,45.49469999999996,619.0,4.001772117747157,59.982278822528436,True
35.440799999999996,45.50469999999996,636.0,4.1322314049595,58.677685950405,True
35.440799999999996,45.514699999999955,661.0,4.319373079473123,56.80626920526877,True
35.440799999999996,45.52469999999995,669.0,5.389867049947173,46.101329500528266,False
35.440799999999996,45.53469999999995,703.0,3.054257994970065,69.45742005029936,True
35.440799999999996,45.54469999999995,717.0,3.5571307713308062,64.42869228669194,True
35.440799999999996,45.55469999999995,737.0,3.6830758174639016,63.16924182536099,True
35.440799999999996,45.564699999999945,736.0,3.747691348366385,62.52308651633614,True
35.440799999999996,45.57469999999994,758.0,3.862738052462141,61.372619475378585,True
35.440799999999996,45.58469999999994,770.0,4.22206252245862,57.77937477541381,True
35.450799999999994,45.2847,1056.0,5.300035932448053,46.99964067551947,False
35.450799999999994,45.2947,1001.0,7.241301927352,27.586980726480004,False
35.450799999999994,45.3047,1006.0,7.1142615426616125,28.85738457338387,False
35.450799999999994,45.314699999999995,986.0,8.264462809919,17.355371900810002,False
35.450799999999994,45.32469999999999,1031.0,8.702266351291438,12.977336487085612,False
35.450799999999994,45.33469999999999,1094.0,7.749463466113543,22.505365338864568,False
35.450799999999994,45.34469999999999,1082.0,7.096658282430444,29.033417175695565,False
35.450799999999994,45.35469999999999,1074.0,10.24074739489963,0.0,False
35.450799999999994,45.364699999999985,1165.0,9.019867313017402,9.801326869825978,False
35.450799999999994,45.37469999999998,1147.0,18.23571685232127,0.0,False
35.450799999999994,45.38469999999998,944.0,30.812073302198005,0.0,False
35.450799999999994,45.39469999999998,917.0,23.5024711677214,0.0,False
35.450799999999994,45.40469999999998,803.0,21.977986551436768,0.0,False
35.450799999999994,45.414699999999975,772.0,7.431862504387578,25.681374956124227,False
35.450799999999994,45.42469999999997,751.0,5.907377888102946,40.92622111897054,False
35.450799999999994,45.43469999999997,795.0,8.08480057492076,19.151994250792402,False
35.450799999999994,45.44469999999997,705.0,8.08480057492076,19.151994250792402,False
35.450799999999994,45.45469999999997,702.0,3.503413582465663,64.96586417534337,True
35.450799999999994,45.464699999999965,666.0,4.7640144258894725,52.35985574110528,True
35.450799999999994,45.47469999999996,626.0,3.620650963676,63.793490363240004,True
35.450799999999994,45.48469999999996,643.0,2.9854490402240694,70.1455095977593,True
35.450799999999994,45.49469999999996,656.0,3.3237513474674234,66.76248652532577,True
35.450799999999994,45.50469999999996,682.0,4.1322314049595,58.677685950405,True
35.450799999999994,45.514699999999955,698.0,3.938251925401964,60.61748074598036,True
35.450799999999994,45.52469999999995,729.0,5.389867049947173,46.101329500528266,False
35.450799999999994,45.53469999999995,714.0,4.255852887127929,57.441471128720714,True
35.450799999999994,45.54469999999995,750.0,3.233920229968304,67.66079770031696,True
35.450799999999994,45.55469999999995,773.0,3.5571307713308062,64.42869228669194,True
35.450799999999994,45.564699999999945,765.0,3.862738052462141,61.372619475378585,True
35.450799999999994,45.57469999999994,795.0,4.382893271818316,56.171067281816846,True
35.450799999999994,45.58469999999994,817.0,4.22206252245862,57.77937477541381,True
35.46079999999999,45.2847,1009.0,4.22206252245862,57.77937477541381,True
35.46079999999999,45.2947,994.0,6.467840459936608,35.32159540063392,False
35.46079999999999,45.3047,989.0,9.972670198195296,0.27329801804704124,False
35.46079999999999,45.314699999999995,1002.0,12.935680919873215,0.0,False
35.46079999999999,45.32469999999999,1074.0,9.019867313017402,9.801326869825978,False
35.46079999999999,45.33469999999999,1083.0,11.947538627382901,0.0,False
35.46079999999999,45.34469999999999,1161.0,7.096658282430444,29.033417175695565,False
35.46079999999999,45.35469999999999,1188.0,15.943568278643436,0.0,False
35.46079999999999,45.364699999999985,1215.0,24.973050664755235,0.0,False
35.46079999999999,45.37469999999998,1023.0,17.247574559830955,0.0,False
35.46079999999999,45.38469999999998,898.0,15.816527893953051,0.0,False
35.46079999999999,45.39469999999998,772.0,13.025512037372335,0.0,False
35.46079999999999,45.40469999999998,766.0,9.59154904412414,4.084509558758609,False
35.46079999999999,45.414699999999975,734.0,4.382893271818316,56.171067281816846,True
35.46079999999999,45.42469999999997,714.0,5.145135579960631,48.54864420039369,False
35.46079999999999,45.43469999999997,731.0,5.749191519943651,42.50808480056348,False
35.46079999999999,45.44469999999997,689.0,6.7331403885904555,32.66859611409545,False
35.46079999999999,45.45469999999997,668.0,3.054257994970065,69.45742005029936,True
35.46079999999999,45.464699999999965,667.0,2.604327886152912,73.95672113847088,True
35.46079999999999,45.47469999999996,651.0,2.245777937477989,77.54222062522011,True
35.46079999999999,45.48469999999996,676.0,3.176009617259649,68.23990382740351,True
35.46079999999999,45.49469999999996,690.0,3.054257994970065,69.45742005029936,True
35.46079999999999,45.50469999999996,700.0,2.9644268774709452,70.35573122529055,True
35.46079999999999,45.514699999999955,733.0,3.4936105789856136,65.06389421014387,True
35.46079999999999,45.52469999999995,733.0,4.940711462451575,50.59288537548425,True
35.46079999999999,45.53469999999995,746.0,4.940711462451575,50.59288537548425,True
35.46079999999999,45.54469999999995,781.0,4.255852887127929,57.441471128720714,True
35.46079999999999,45.55469999999995,787.0,5.081615387615438,49.18384612384562,False
35.46079999999999,45.564699999999945,808.0,6.669620196245263,33.303798037547374,False
35.46079999999999,45.57469999999994,823.0,8.702266351291438,12.977336487085612,False
35.46079999999999,45.58469999999994,864.0,8.623787279915478,13.762127200845221,False
35.47079999999999,45.2847,1049.0,6.737333812433967,32.62666187566033,False
35.47079999999999,45.2947,1066.0,7.276320517428685,27.23679482571315,False
35.47079999999999,45.3047,1007.0,12.486525332377617,0.0,False
35.47079999999999,45.314699999999995,1146.0,12.935680919873215,0.0,False
35.47079999999999,45.32469999999999,1054.0,14.55264103485737,0.0,False
35.47079999999999,45.33469999999999,1216.0,14.55264103485737,0.0,False
35.47079999999999,45.34469999999999,1192.0,16.197649048024207,0.0,False
35.47079999999999,45.35469999999999,1091.0,14.863725008775155,0.0,False
35.47079999999999,45.364699999999985,937.0,24.973050664755235,0.0,False
35.47079999999999,45.37469999999998,855.0,22.86726924426947,0.0,False
35.47079999999999,45.38469999999998,778.0,15.562447124572278,0.0,False
35.47079999999999,45.39469999999998,780.0,7.49538269673277,25.046173032672293,False
35.47079999999999,45.40469999999998,704.0,6.827164929933087,31.72835070066913,False
35.47079999999999,45.414699999999975,689.0,4.891054810579859,51.08945189420141,True
35.47079999999999,45.42469999999997,681.0,3.3665701942952277,66.33429805704772,True
35.47079999999999,45.43469999999997,678.0,4.761049227453337,52.389507725466636,True
35.47079999999999,45.44469999999997,682.0,3.862738052462141,61.372619475378585,True
35.47079999999999,45.45469999999997,639.0,3.9525691699612606,60.47430830038739,True
35.47079999999999,45.464699999999965,648.0,4.491555874955978,55.08444125044022,True
35.47079999999999,45.47469999999996,670.0,4.06529231009235,59.3470768990765,True
35.47079999999999,45.48469999999996,679.0,4.940711462451575,50.59288537548425,True
35.47079999999999,45.49469999999996,703.0,4.401724757456858,55.98275242543143,True
35.47079999999999,45.50469999999996,731.0,3.3665701942952277,66.33429805704772,True
35.47079999999999,45.514699999999955,746.0,4.5734538488538945,54.265461511461055,True
35.47079999999999,45.52469999999995,788.0,5.018095195270245,49.81904804729756,False
35.47079999999999,45.53469999999995,801.0,5.9288537549418905,40.711462450581095,False
35.47079999999999,45.54469999999995,816.0,10.48083173695684,0.0,False
35.47079999999999,45.55469999999995,843.0,12.396694214878497,0.0,False
35.47079999999999,45.564699999999945,867.0,13.295005389869694,0.0,False
35.47079999999999,45.57469999999994,913.0,12.127200862381141,0.0,False
35.47079999999999,45.58469999999994,960.0,8.702266351291438,12.977336487085612,False
35.48079999999999,45.2847,974.0,6.737333812433967,32.62666187566033,False
35.48079999999999,45.2947,985.0,11.116033660408771,0.0,False
35.48079999999999,45.3047,1036.0,15.308366355191508,0.0,False
35.48079999999999,45.314699999999995,1081.0,17.60689902982743,0.0,False
35.48079999999999,45.32469999999999,1119.0,11.139058569890825,0.0,False
35.48079999999999,45.33469999999999,1243.0,25.87136183974643,0.0,False
35.48079999999999,45.34469999999999,1025.0,19.583183614808064,0.0,False
35.48079999999999,45.35469999999999,937.0,16.197649048024207,0.0,False
35.48079999999999,45.364699999999985,857.0,14.863725008775155,0.0,False
35.48079999999999,45.37469999999998,756.0,11.497154814479927,0.0,False
35.48079999999999,45.38469999999998,764.0,6.198347107439249,38.01652892560752,False
35.48079999999999,45.39469999999998,708.0,6.467840459936608,35.32159540063392,False
35.48079999999999,45.40469999999998,680.0,6.352019234519298,36.479807654807026,False
35.48079999999999,45.414699999999975,658.0,2.9219288478788767,70.78071152121123,True
35.48079999999999,45.42469999999997,657.0,4.1322314049595,58.677685950405,True
35.48079999999999,45.43469999999997,650.0,4.311893639957739,56.88106360042261,True
35.48079999999999,45.44469999999997,655.0,3.2395298096048415,67.60470190395158,True
35.48079999999999,45.45469999999997,683.0,3.9525691699612606,60.47430830038739,True
35.48079999999999,45.464699999999965,698.0,4.491555874955978,55.08444125044022,True
35.48079999999999,45.47469999999996,698.0,4.1322314049595,58.677685950405,True
35.48079999999999,45.48469999999996,734.0,4.940711462451575,50.59288537548425,True
35.48079999999999,45.49469999999996,752.0,4.636974041199087,53.63025958800913,True
35.48079999999999,45.50469999999996,750.0,4.7640144258894725,52.35985574110528,True
35.48079999999999,45.514699999999955,784.0,4.255852887127929,57.441471128720714,True
35.48079999999999,45.52469999999995,818.0,5.589776926376982,44.10223073623018,False
35.48079999999999,45.53469999999995,867.0,9.655069236469332,3.4493076353066754,False
35.48079999999999,45.54469999999995,861.0,14.193316564860888,0.0,False
35.48079999999999,45.55469999999995,981.0,15.562447124572278,0.0,False
35.48079999999999,45.564699999999945,1015.0,18.954365792314228,0.0,False
35.48079999999999,45.57469999999994,1048.0,15.117805778155926,0.0,False
35.48079999999999,45.58469999999994,1050.0,21.200143729792213,0.0,False
35.490799999999986,45.2847,913.0,16.197649048024207,0.0,False
35.490799999999986,45.2947,1002.0,14.911965504853846,0.0,False
35.490799999999986,45.3047,1160.0,14.193316564860888,0.0,False
35.490799999999986,45.314699999999995,1277.0,27.847646424727063,0.0,False
35.490799999999986,45.32469999999999,1121.0,19.134028027312468,0.0,False
35.490799999999986,45.33469999999999,955.0,25.87136183974643,0.0,False
35.490799999999986,45.34469999999999,879.0,23.121350013650243,0.0,False
35.490799999999986,45.35469999999999,786.0,15.181325970501119,0.0,False
35.490799999999986,45.364699999999985,774.0,10.353791352266455,0.0,False
35.490799999999986,45.37469999999998,717.0,8.892826928327016,11.071730716729833,False
35.490799999999986,45.38469999999998,695.0,6.198347107439249,38.01652892560752,False
35.490799999999986,45.39469999999998,670.0,5.970898080448139,40.29101919551861,False
35.490799999999986,45.40469999999998,677.0,2.6949335249735866,73.05066475026413,True
35.490799999999986,45.414699999999975,676.0,2.5152712899753475,74.84728710024653,True
35.490799999999986,45.42469999999997,703.0,4.1322314049595,58.677685950405,True
35.490799999999986,45.43469999999997,698.0,4.311893639957739,56.88106360042261,True
35.490799999999986,45.44469999999997,689.0,3.1124894249144557,68.87510575085545,True
35.490799999999986,45.45469999999997,706.0,4.70049423354428,52.9950576645572,True
35.490799999999986,45.464699999999965,721.0,5.300035932448053,46.99964067551947,False
35.490799999999986,45.47469999999996,744.0,4.401724757456858,55.98275242543143,True
35.490799999999986,45.48469999999996,752.0,4.1322314049595,58.677685950405,True
35.490799999999986,45.49469999999996,764.0,5.970898080448139,40.29101919551861,False
35.490799999999986,45.50469999999996,796.0,5.569529284945412,44.30470715054587,False
35.490799999999986,45.514699999999955,825.0,8.638746158946246,13.612538410537544,False
35.490799999999986,45.52469999999995,851.0,15.3718865475367,0.0,False
35.490799999999986,45.53469999999995,906.0,16.79841897233536,0.0,False
35.490799999999986,45.54469999999995,1019.0,14.193316564860888,0.0,False
35.490799999999986,45.55469999999995,1075.0,13.593321161871296,0.0,False
35.490799999999986,45.564699999999945,1226.0,18.954365792314228,0.0,False
35.490799999999986,45.57469999999994,1088.0,21.787425974401188,0.0,False
35.490799999999986,45.58469999999994,1286.0,21.200143729792213,0.0,False
35.500799999999984,45.2847,1005.0,14.642472152356486,0.0,False
35.500799999999984,45.2947,1168.0,16.197649048024207,0.0,False
35.500799999999984,45.3047,1090.0,14.927245201120348,0.0,False
35.500799999999984,45.314699999999995,967.0,27.847646424727063,0.0,False
35.500799999999984,45.32469999999999,908.0,23.43895097537621,0.0,False
35.500799999999984,45.33469999999999,889.0,14.73668462408477,0.0,False
35.500799999999984,45.34469999999999,780.0,11.116033660408771,0.0,False
35.500799999999984,45.35469999999999,741.0,8.765786543636631,12.342134563633689,False
35.500799999999984,45.364699999999985,714.0,5.389867049947173,46.101329500528266,False
35.500799999999984,45.37469999999998,692.0,5.208655772305824,47.913442276941765,False
35.500799999999984,45.38469999999998,676.0,3.176009617259649,68.23990382740351,True
35.500799999999984,45.39469999999998,685.0,3.6830758174639016,63.16924182536099,True
35.500799999999984,45.40469999999998,707.0,2.6949335249735866,73.05066475026413,True
35.500799999999984,45.414699999999975,704.0,2.5152712899753475,74.84728710024653,True
35.500799999999984,45.42469999999997,709.0,2.667848078498105,73.32151921501895,True
35.500799999999984,45.43469999999997,726.0,2.5152712899753475,74.84728710024653,True
35.500799999999984,45.44469999999997,720.0,3.3665701942952277,66.33429805704772,True
35.500799999999984,45.45469999999997,738.0,4.70049423354428,52.9950576645572,True
35.500799999999984,45.464699999999965,780.0,5.300035932448053,46.99964067551947,False
35.500799999999984,45.47469999999996,793.0,4.5734538488538945,54.265461511461055,True
35.500799999999984,45.48469999999996,798.0,5.120373697449815,48.79626302550185,False
35.500799999999984,45.49469999999996,808.0,5.907377888102946,40.92622111897054,False
35.500799999999984,45.50469999999996,858.0,10.48083173695684,0.0,False
35.500799999999984,45.514699999999955,872.0,16.832850971476137,0.0,False
35.500799999999984,45.52469999999995,961.0,21.723905782055997,0.0,False
35.500799999999984,45.53469999999995,1093.0,18.864534674815108,0.0,False
35.500799999999984,45.54469999999995,1108.0,17.337405677330075,0.0,False
35.500799999999984,45.55469999999995,1148.0,14.642472152356486,0.0,False
35.500799999999984,45.564699999999945,1099.0,23.883592321792555,0.0,False
35.500799999999984,45.57469999999994,1302.0,19.223859144811588,0.0,False
35.500799999999984,45.58469999999994,1431.0,21.787425974401188,0.0,False
35.51079999999998,45.2847,1052.0,7.368342312042385,26.316576879576147,False
35.51079999999998,45.2947,1019.0,13.384836507368814,0.0,False
35.51079999999998,45.3047,960.0,13.212200007800137,0.0,False
35.51079999999998,45.314699999999995,855.0,14.927245201120348,0.0,False
35.51079999999998,45.32469999999999,779.0,11.941796160896278,0.0,False
35.51079999999998,45.33469999999999,746.0,12.845849802374095,0.0,False
35.51079999999998,45.34469999999999,721.0,10.67139231399242,0.0,False
35.51079999999998,45.35469999999999,716.0,4.06529231009235,59.3470768990765,True
35.51079999999998,45.364699999999985,700.0,2.604327886152912,73.95672113847088,True
35.51079999999998,45.37469999999998,698.0,1.3974442315942455,86.02555768405755,True
35.51079999999998,45.38469999999998,700.0,2.604327886152912,73.95672113847088,True
35.51079999999998,45.39469999999998,726.0,3.6830758174639016,63.16924182536099,True
35.51079999999998,45.40469999999998,736.0,3.2395298096048415,67.60470190395158,True
35.51079999999998,45.414699999999975,720.0,2.9219288478788767,70.78071152121123,True
35.51079999999998,45.42469999999997,725.0,3.048969232569263,69.51030767430737,True
35.51079999999998,45.43469999999997,751.0,2.667848078498105,73.32151921501895,True
35.51079999999998,45.44469999999997,753.0,3.4135824649665434,65.86417535033456,True
35.51079999999998,45.45469999999997,773.0,3.503413582465663,64.96586417534337,True
35.51079999999998,45.464699999999965,812.0,4.70049423354428,52.9950576645572,True
35.51079999999998,45.47469999999996,836.0,5.970898080448139,40.29101919551861,False
35.51079999999998,45.48469999999996,855.0,6.737333812433967,32.62666187566033,False
35.51079999999998,45.49469999999996,873.0,9.59154904412414,4.084509558758609,False
35.51079999999998,45.50469999999996,901.0,22.105026936127153,0.0,False
35.51079999999998,45.514699999999955,1023.0,26.360879823255086,0.0,False
35.51079999999998,45.52469999999995,1137.0,29.854490402240696,0.0,False
35.51079999999998,45.53469999999995,1303.0,27.308659719732347,0.0,False
35.51079999999998,45.54469999999995,1301.0,19.43717885762905,0.0,False
35.51079999999998,45.55469999999995,1311.0,14.642472152356486,0.0,False
35.51079999999998,45.564699999999945,1314.0,19.313690262310704,0.0,False
35.51079999999998,45.57469999999994,1475.0,23.883592321792555,0.0,False
35.51079999999998,45.58469999999994,1437.0,12.21703197988026,0.0,False
35.52079999999998,45.2847,1014.0,15.450952209848564,0.0,False
35.52079999999998,45.2947,959.0,10.290271159921263,0.0,False
35.52079999999998,45.3047,847.0,10.925473083373191,0.0,False
35.52079999999998,45.314699999999995,779.0,11.497154814479927,0.0,False
35.52079999999998,45.32469999999999,745.0,6.987221157971227,30.127788420287725,False
35.52079999999998,45.33469999999999,728.0,3.2395298096048415,67.60470190395158,True
35.52079999999998,45.34469999999999,717.0,1.8420855780105962,81.57914421989403,True
35.52079999999998,45.35469999999999,700.0,1.5271289974850324,84.72871002514968,True
35.52079999999998,45.364699999999985,703.0,1.2576356449876738,87.42364355012326,True
35.52079999999998,45.37469999999998,692.0,1.616960114984152,83.83039885015849,True
35.52079999999998,45.38469999999998,710.0,2.784764642472706,72.15235357527294,True
35.52079999999998,45.39469999999998,741.0,2.784764642472706,72.15235357527294,True
35.52079999999998,45.40469999999998,766.0,2.9219288478788767,70.78071152121123,True
35.52079999999998,45.414699999999975,739.0,2.425440172476228,75.74559827523773,True
35.52079999999998,45.42469999999997,751.0,2.9854490402240694,70.1455095977593,True
35.52079999999998,45.43469999999997,773.0,3.176009617259649,68.23990382740351,True
35.52079999999998,45.44469999999997,791.0,3.4300903866404204,65.69909613359579,True
35.52079999999998,45.45469999999997,802.0,3.8747317330567714,61.25268266943229,True
35.52079999999998,45.464699999999965,826.0,4.06529231009235,59.3470768990765,True
35.52079999999998,45.47469999999996,869.0,5.8438576957577535,41.56142304242246,False
35.52079999999998,45.48469999999996,930.0,6.737333812433967,32.62666187566033,False
35.52079999999998,45.49469999999996,948.0,14.73668462408477,0.0,False
35.52079999999998,45.50469999999996,1024.0,20.2120014373019,0.0,False
35.52079999999998,45.514699999999955,1249.0,22.105026936127153,0.0,False
35.52079999999998,45.52469999999995,1438.0,27.039166367234984,0.0,False
35.52079999999998,45.53469999999995,1607.0,29.854490402240696,0.0,False
35.52079999999998,45.54469999999995,1411.0,17.60689902982743,0.0,False
35.52079999999998,45.55469999999995,1227.0,23.535752784769322,0.0,False
35.52079999999998,45.564699999999945,1489.0,23.535752784769322,0.0,False
35.52079999999998,45.57469999999994,1379.0,15.435406739881893,0.0,False
35.52079999999998,45.58469999999994,1301.0,14.822134387354726,0.0,False
35.53079999999998,45.2847,842.0,15.450952209848564,0.0,False
35.53079999999998,45.2947,862.0,9.655069236469332,3.4493076353066754,False
35.53079999999998,45.3047,797.0,10.290271159921263,0.0,False
35.53079999999998,45.314699999999995,742.0,6.669620196245263,33.303798037547374,False
35.53079999999998,45.32469999999999,726.0,3.3665701942952277,66.33429805704772,True
35.53079999999998,45.33469999999999,717.0,1.7785653856654031,82.21434614334598,True
35.53079999999998,45.34469999999999,705.0,1.5244846162846315,84.75515383715369,True
35.53079999999998,45.35469999999999,709.0,1.7966223499823912,82.03377650017609,True
35.53079999999998,45.364699999999985,717.0,1.616960114984152,83.83039885015849,True
35.53079999999998,45.37469999999998,701.0,2.413767309117333,75.86232690882667,True
35.53079999999998,45.38469999999998,717.0,1.9762845849806303,80.2371541501937,True
35.53079999999998,45.39469999999998,732.0,2.245777937477989,77.54222062522011,True
35.53079999999998,45.40469999999998,757.0,3.1124894249144557,68.87510575085545,True
35.53079999999998,45.414699999999975,761.0,4.04240028746038,59.575997125396206,True
35.53079999999998,45.42469999999997,767.0,2.784764642472706,72.15235357527294,True
35.53079999999998,45.43469999999997,798.0,3.303050001950034,66.96949998049966,True
35.53079999999998,45.44469999999997,823.0,3.6841711560211925,63.15828843978808,True
35.53079999999998,45.45469999999997,845.0,3.862738052462141,61.372619475378585,True
35.53079999999998,45.464699999999965,863.0,4.827534618234666,51.72465381765334,True
35.53079999999998,45.47469999999996,890.0,7.1142615426616125,28.85738457338387,False
35.53079999999998,45.48469999999996,961.0,6.378009342437488,36.219906575625124,False
35.53079999999998,45.49469999999996,1017.0,17.086931740856908,0.0,False
35.53079999999998,45.50469999999996,1180.0,14.73668462408477,0.0,False
35.53079999999998,45.514699999999955,1187.0,22.740228859579084,0.0,False
35.53079999999998,45.52469999999995,1392.0,18.415379087319508,0.0,False
35.53079999999998,45.53469999999995,1434.0,16.88825008983448,0.0,False
35.53079999999998,45.54469999999995,1272.0,21.279264435639647,0.0,False
35.53079999999998,45.55469999999995,1460.0,20.930650377294857,0.0,False
35.53079999999998,45.564699999999945,1436.0,20.661157024797497,0.0,False
35.53079999999998,45.57469999999994,1392.0,22.996766079774606,0.0,False
35.53079999999998,45.58469999999994,1136.0,22.996766079774606,0.0,False
35.540799999999976,45.2847,766.0,6.827164929933087,31.72835070066913,False
35.540799999999976,45.2947,771.0,8.17463169241988,18.25368307580121,False
35.540799999999976,45.3047,736.0,8.003544235494314,19.964557645056868,False
35.540799999999976,45.314699999999995,711.0,5.462736541686596,45.372634583134044,False
35.540799999999976,45.32469999999999,723.0,1.2068836545586665,87.93116345441334,True
35.540799999999976,45.33469999999999,723.0,1.1433634622134736,88.56636537786527,True
35.540799999999976,45.34469999999999,720.0,1.7785653856654031,82.21434614334598,True
35.540799999999976,45.35469999999999,729.0,1.7966223499823912,82.03377650017609,True
35.540799999999976,45.364699999999985,735.0,2.245777937477989,77.54222062522011,True
35.540799999999976,45.37469999999998,710.0,2.605102407474467,73.94897592525534,True
35.540799999999976,45.38469999999998,739.0,2.605102407474467,73.94897592525534,True
35.540799999999976,45.39469999999998,741.0,1.9762845849806303,80.2371541501937,True
35.540799999999976,45.40469999999998,759.0,4.22206252245862,57.77937477541381,True
35.540799999999976,45.414699999999975,806.0,4.22206252245862,57.77937477541381,True
35.540799999999976,45.42469999999997,788.0,3.503413582465663,64.96586417534337,True
35.540799999999976,45.43469999999997,810.0,3.5932446999647825,64.06755300035218,True
35.540799999999976,45.44469999999997,850.0,3.5932446999647825,64.06755300035218,True
35.540799999999976,45.45469999999997,881.0,3.6841711560211925,63.15828843978808,True
35.540799999999976,45.464699999999965,896.0,5.6532971187221746,43.46702881277825,False
35.540799999999976,45.47469999999996,939.0,6.923700965626034,30.76299034373966,False
35.540799999999976,45.48469999999996,1002.0,10.48083173695684,0.0,False
35.540799999999976,45.49469999999996,1059.0,20.39166367230014,0.0,False
35.540799999999976,45.50469999999996,1286.0,20.39166367230014,0.0,False
35.540799999999976,45.514699999999955,1318.0,20.39166367230014,0.0,False
35.540799999999976,45.52469999999995,1545.0,26.85950413223675,0.0,False
35.540799999999976,45.53469999999995,1246.0,26.85950413223675,0.0,False
35.540799999999976,45.54469999999995,1355.0,11.687715391515507,0.0,False
35.540799999999976,45.55469999999995,1383.0,19.05605770355789,0.0,False
35.540799999999976,45.564699999999945,1206.0,20.661157024797497,0.0,False
35.540799999999976,45.57469999999994,1148.0,21.918792669785173,0.0,False
35.540799999999976,45.58469999999994,1061.0,21.025183666258872,0.0,False
35.550799999999974,45.2847,749.0,1.5271289974850324,84.72871002514968,True
35.550799999999974,45.2947,738.0,2.9644268774709452,70.35573122529055,True
35.550799999999974,45.3047,736.0,2.223206732081754,77.76793267918246,True
35.550799999999974,45.314699999999995,728.0,1.5271289974850324,84.72871002514968,True
35.550799999999974,45.32469999999999,728.0,1.0798432698682807,89.2015673013172,True
35.550799999999974,45.33469999999999,727.0,1.7150451933202102,82.8495480667979,True
35.550799999999974,45.34469999999999,735.0,1.8420855780105962,81.57914421989403,True
35.550799999999974,45.35469999999999,748.0,1.7785653856654031,82.21434614334598,True
35.550799999999974,45.364699999999985,743.0,2.0961663473913683,79.03833652608631,True
35.550799999999974,45.37469999999998,721.0,2.223206732081754,77.76793267918246,True
35.550799999999974,45.38469999999998,737.0,2.3356090549771085,76.64390945022892,True
35.550799999999974,45.39469999999998,763.0,2.3356090549771085,76.64390945022892,True
35.550799999999974,45.40469999999998,761.0,4.761049227453337,52.389507725466636,True
35.550799999999974,45.414699999999975,814.0,4.761049227453337,52.389507725466636,True
35.550799999999974,45.42469999999997,827.0,3.503413582465663,64.96586417534337,True
35.550799999999974,45.43469999999997,822.0,2.794888463188491,72.05111536811509,True
35.550799999999974,45.44469999999997,846.0,3.176009617259649,68.23990382740351,True
35.550799999999974,45.45469999999997,872.0,5.479698167446293,45.20301832553707,False
35.550799999999974,45.464699999999965,933.0,5.479698167446293,45.20301832553707,False
35.550799999999974,45.47469999999996,985.0,6.161458657483719,38.38541342516282,False
35.550799999999974,45.48469999999996,1048.0,10.689902982395228,0.0,False
35.550799999999974,45.49469999999996,1167.0,18.80197693417712,0.0,False
35.550799999999974,45.50469999999996,1309.0,15.880048086298244,0.0,False
35.550799999999974,45.514699999999955,1414.0,16.07060866333382,0.0,False
35.550799999999974,45.52469999999995,1351.0,17.42723679482919,0.0,False
35.550799999999974,45.53469999999995,1187.0,22.740228859579084,0.0,False
35.550799999999974,45.54469999999995,1424.0,22.72727272727725,0.0,False
35.550799999999974,45.55469999999995,1171.0,22.72727272727725,0.0,False
35.550799999999974,45.564699999999945,1083.0,19.05605770355789,0.0,False
35.550799999999974,45.57469999999994,1046.0,10.163230775230875,0.0,False
35.550799999999974,45.58469999999994,1025.0,7.8129836584587355,21.870163415412648,False
35.56079999999997,45.2847,740.0,0.808480057492076,91.91519942507924,True
35.56079999999997,45.2947,738.0,0.808480057492076,91.91519942507924,True
35.56079999999997,45.3047,738.0,0.7622423081423157,92.37757691857684,True
35.56079999999997,45.314699999999995,738.0,1.0779734099894347,89.22026590010566,True
35.56079999999997,45.32469999999999,736.0,1.1678045274885542,88.32195472511447,True
35.56079999999997,45.33469999999999,738.0,2.540807693807719,74.59192306192281,True
35.56079999999997,45.34469999999999,754.0,2.1559468199788694,78.44053180021132,True
35.56079999999997,45.35469999999999,764.0,1.8864534674815105,81.1354653251849,True
35.56079999999997,45.364699999999985,748.0,2.35024711677214,76.4975288322786,True
35.56079999999997,45.37469999999998,737.0,1.7067912324832717,82.93208767516728,True
35.56079999999997,45.38469999999998,756.0,2.223206732081754,77.76793267918246,True
35.56079999999997,45.39469999999998,768.0,2.667848078498105,73.32151921501895,True
35.56079999999997,45.40469999999998,784.0,2.3356090549771085,76.64390945022892,True
35.56079999999997,45.414699999999975,800.0,2.604327886152912,73.95672113847088,True
35.56079999999997,45.42469999999997,821.0,3.1124894249144557,68.87510575085545,True
35.56079999999997,45.43469999999997,845.0,3.4300903866404204,65.69909613359579,True
35.56079999999997,45.44469999999997,866.0,3.8112115407115787,61.88788459288421,True
35.56079999999997,45.45469999999997,896.0,4.891054810579859,51.08945189420141,True
35.56079999999997,45.464699999999965,946.0,6.479059619209683,35.20940380790317,False
35.56079999999997,45.47469999999996,1005.0,17.658613471963648,0.0,False
35.56079999999997,45.48469999999996,1082.0,18.05605461732303,0.0,False
35.56079999999997,45.49469999999996,1175.0,25.87136183974643,0.0,False
35.56079999999997,45.50469999999996,1463.0,25.87136183974643,0.0,False
35.56079999999997,45.514699999999955,1363.0,18.14588573482215,0.0,False
35.56079999999997,45.52469999999995,1161.0,18.14588573482215,0.0,False
35.56079999999997,45.53469999999995,1231.0,12.259397122622245,0.0,False
35.56079999999997,45.54469999999995,1198.0,20.30183255480102,0.0,False
35.56079999999997,45.55469999999995,1090.0,21.215744243294456,0.0,False
35.56079999999997,45.564699999999945,1071.0,6.352019234519298,36.479807654807026,False
35.56079999999997,45.57469999999994,1017.0,4.850880344952456,51.491196550475436,True
35.56079999999997,45.58469999999994,1040.0,4.761049227453337,52.389507725466636,True
35.57079999999997,45.2847,745.0,0.9881422924903152,90.11857707509685,True
35.57079999999997,45.2947,747.0,0.9881422924903152,90.11857707509685,True
35.57079999999997,45.3047,745.0,1.2576356449876738,87.42364355012326,True
35.57079999999997,45.314699999999995,750.0,1.4609644239394384,85.39035576060562,True
35.57079999999997,45.32469999999999,749.0,2.1559468199788694,78.44053180021132,True
35.57079999999997,45.33469999999999,747.0,2.784764642472706,72.15235357527294,True
35.57079999999997,45.34469999999999,778.0,2.784764642472706,72.15235357527294,True
35.57079999999997,45.35469999999999,785.0,2.6949335249735866,73.05066475026413,True
35.57079999999997,45.364699999999985,755.0,2.6949335249735866,73.05066475026413,True
35.57079999999997,45.37469999999998,738.0,2.9644268774709452,70.35573122529055,True
35.57079999999997,45.38469999999998,761.0,2.540807693807719,74.59192306192281,True
35.57079999999997,45.39469999999998,788.0,2.425440172476228,75.74559827523773,True
35.57079999999997,45.40469999999998,810.0,2.667848078498105,73.32151921501895,True
35.57079999999997,45.414699999999975,819.0,2.784764642472706,72.15235357527294,True
35.57079999999997,45.42469999999997,841.0,3.048969232569263,69.51030767430737,True
35.57079999999997,45.43469999999997,870.0,4.06529231009235,59.3470768990765,True
35.57079999999997,45.44469999999997,899.0,3.4936105789856136,65.06389421014387,True
35.57079999999997,45.45469999999997,926.0,5.589776926376982,44.10223073623018,False
35.57079999999997,45.464699999999965,973.0,10.67139231399242,0.0,False
35.57079999999997,45.47469999999996,1048.0,28.20296540126568,0.0,False
35.57079999999997,45.48469999999996,1283.0,21.110312612293093,0.0,False
35.57079999999997,45.49469999999996,1350.0,23.715415019767562,0.0,False
35.57079999999997,45.50469999999996,1549.0,25.332375134751718,0.0,False
35.57079999999997,45.514699999999955,1267.0,25.332375134751718,0.0,False
35.57079999999997,45.52469999999995,1087.0,17.531573087273262,0.0,False
35.57079999999997,45.53469999999995,1152.0,8.17463169241988,18.25368307580121,False
35.57079999999997,45.54469999999995,1074.0,11.139058569890825,0.0,False
35.57079999999997,45.55469999999995,1025.0,10.988993275718384,0.0,False
35.57079999999997,45.564699999999945,1029.0,3.938251925401964,60.61748074598036,True
35.57079999999997,45.57469999999994,1021.0,6.467840459936608,35.32159540063392,False
35.57079999999997,45.58469999999994,1093.0,6.467840459936608,35.32159540063392,False
35.58079999999997,45.2847,756.0,1.5244846162846315,84.75515383715369,True
35.58079999999997,45.2947,758.0,1.9762845849806303,80.2371541501937,True
35.58079999999997,45.3047,759.0,1.5271289974850324,84.72871002514968,True
35.58079999999997,45.314699999999995,764.0,1.8420855780105962,81.57914421989403,True
35.58079999999997,45.32469999999999,773.0,2.1559468199788694,78.44053180021132,True
35.58079999999997,45.33469999999999,767.0,3.4135824649665434,65.86417535033456,True
35.58079999999997,45.34469999999999,785.0,2.413767309117333,75.86232690882667,True
35.58079999999997,45.35469999999999,785.0,1.9056057703557894,80.9439422964421,True
35.58079999999997,45.364699999999985,768.0,3.9525691699612606,60.47430830038739,True
35.58079999999997,45.37469999999998,771.0,2.9644268774709452,70.35573122529055,True
35.58079999999997,45.38469999999998,771.0,2.6949335249735866,73.05066475026413,True
35.58079999999997,45.39469999999998,801.0,2.6949335249735866,73.05066475026413,True
35.58079999999997,45.40469999999998,815.0,3.1440891124691848,68.55910887530816,True
35.58079999999997,45.414699999999975,850.0,3.1440891124691848,68.55910887530816,True
35.58079999999997,45.42469999999997,862.0,4.255852887127929,57.441471128720714,True
35.58079999999997,45.43469999999997,889.0,4.7640144258894725,52.35985574110528,True
35.58079999999997,45.44469999999997,934.0,7.749463466113543,22.505365338864568,False
35.58079999999997,45.45469999999997,954.0,9.162773984910194,8.37226015089806,False
35.58079999999997,45.464699999999965,1014.0,21.34278462798484,0.0,False
35.58079999999997,45.47469999999996,1141.0,31.53072224219096,0.0,False
35.58079999999997,45.48469999999996,1492.0,31.53072224219096,0.0,False
35.58079999999997,45.49469999999996,1614.0,23.715415019767562,0.0,False
35.58079999999997,45.50469999999996,1400.0,22.00862378728429,0.0,False
35.58079999999997,45.514699999999955,1155.0,25.026955784006034,0.0,False
35.58079999999997,45.52469999999995,1071.0,12.449957699657823,0.0,False
35.58079999999997,45.53469999999995,1061.0,8.17463169241988,18.25368307580121,False
35.58079999999997,45.54469999999995,1024.0,8.1305846201847,18.69415379815299,False
35.58079999999997,45.55469999999995,1009.0,4.22206252245862,57.77937477541381,True
35.58079999999997,45.564699999999945,1043.0,5.145135579960631,48.54864420039369,False
35.58079999999997,45.57469999999994,1091.0,6.2881782249383695,37.1182177506163,False
35.58079999999997,45.58469999999994,1103.0,5.208655772305824,47.913442276941765,False
35.590799999999966,45.2847,772.0,1.651525000975017,83.48474999024982,True
35.590799999999966,45.2947,780.0,1.9762845849806303,80.2371541501937,True
35.590799999999966,45.3047,776.0,2.245777937477989,77.54222062522011,True
35.590799999999966,45.314699999999995,781.0,2.5152712899753475,74.84728710024653,True
35.590799999999966,45.32469999999999,793.0,2.540807693807719,74.59192306192281,True
35.590799999999966,45.33469999999999,805.0,3.4135824649665434,65.86417535033456,True
35.590799999999966,45.34469999999999,806.0,2.4772875014625257,75.22712498537474,True
35.590799999999966,45.35469999999999,802.0,2.1596865397365614,78.40313460263438,True
35.590799999999966,45.364699999999985,812.0,4.491555874955978,55.08444125044022,True
35.590799999999966,45.37469999999998,762.0,4.491555874955978,55.08444125044022,True
35.590799999999966,45.38469999999998,775.0,2.0961663473913683,79.03833652608631,True
35.590799999999966,45.39469999999998,795.0,3.054257994970065,69.45742005029936,True
35.590799999999966,45.40469999999998,829.0,3.054257994970065,69.45742005029936,True
35.590799999999966,45.414699999999975,851.0,3.6830758174639016,63.16924182536099,True
35.590799999999966,45.42469999999997,892.0,3.8747317330567714,61.25268266943229,True
35.590799999999966,45.43469999999997,929.0,5.399216349341403,46.007836506585974,False
35.590799999999966,45.44469999999997,964.0,8.264462809919,17.355371900810002,False
35.590799999999966,45.45469999999997,1056.0,9.162773984910194,8.37226015089806,False
35.590799999999966,45.464699999999965,1077.0,24.52389507725964,0.0,False
35.590799999999966,45.47469999999996,1350.0,24.52389507725964,0.0,False
35.590799999999966,45.48469999999996,1369.0,19.134028027312468,0.0,False
35.590799999999966,45.49469999999996,1582.0,28.11713977722442,0.0,False
35.590799999999966,45.50469999999996,1269.0,28.11713977722442,0.0,False
35.590799999999966,45.514699999999955,1119.0,17.849174048999224,0.0,False
35.590799999999966,45.52469999999995,1055.0,6.352019234519298,36.479807654807026,False
35.590799999999966,45.53469999999995,995.0,5.9288537549418905,40.711462450581095,False
35.590799999999966,45.54469999999995,1023.0,5.479698167446293,45.20301832553707,False
35.590799999999966,45.55469999999995,962.0,9.611929572405794,3.8807042759420596,False
35.590799999999966,45.564699999999945,1069.0,9.611929572405794,3.8807042759420596,False
35.590799999999966,45.57469999999994,1110.0,4.255852887127929,57.441471128720714,True
35.590799999999966,45.58469999999994,1105.0,4.671218109954217,53.28781890045783,True
35.600799999999964,45.2847,789.0,2.06611570247975,79.33884297520251,True
35.600799999999964,45.2947,798.0,2.032646155046175,79.67353844953826,True
35.600799999999964,45.3047,801.0,2.605102407474467,73.94897592525534,True
35.600799999999964,45.314699999999995,809.0,2.5152712899753475,74.84728710024653,True
35.600799999999964,45.32469999999999,818.0,2.35024711677214,76.4975288322786,True
35.600799999999964,45.33469999999999,833.0,2.540807693807719,74.59192306192281,True
35.600799999999964,45.34469999999999,823.0,1.8864534674815105,81.1354653251849,True
35.600799999999964,45.35469999999999,812.0,2.223206732081754,77.76793267918246,True
35.600799999999964,45.364699999999985,807.0,5.399216349341403,46.007836506585974,False
35.600799999999964,45.37469999999998,794.0,8.803449514913716,11.96550485086284,False
35.600799999999964,45.38469999999998,793.0,6.288499042174105,37.11500957825895,False
35.600799999999964,45.39469999999998,808.0,2.1596865397365614,78.40313460263438,True
35.600799999999964,45.40469999999998,820.0,2.9644268774709452,70.35573122529055,True
35.600799999999964,45.414699999999975,853.0,4.04240028746038,59.575997125396206,True
35.600799999999964,45.42469999999997,898.0,4.940711462451575,50.59288537548425,True
35.600799999999964,45.43469999999997,953.0,5.479698167446293,45.20301832553707,False
35.600799999999964,45.44469999999997,1014.0,5.479698167446293,45.20301832553707,False
35.600799999999964,45.45469999999997,1065.0,13.021639430764559,0.0,False
35.600799999999964,45.464699999999965,1128.0,16.07060866333382,0.0,False
35.600799999999964,45.47469999999996,1195.0,30.003593244705932,0.0,False
35.600799999999964,45.48469999999996,1529.0,30.003593244705932,0.0,False
35.600799999999964,45.49469999999996,1377.0,18.415379087319508,0.0,False
35.600799999999964,45.50469999999996,1207.0,23.820072129447365,0.0,False
35.600799999999964,45.514699999999955,1110.0,10.099710582885683,0.0,False
35.600799999999964,45.52469999999995,1052.0,7.8129836584587355,21.870163415412648,False
35.600799999999964,45.53469999999995,1019.0,8.08480057492076,19.151994250792402,False
35.600799999999964,45.54469999999995,966.0,5.120373697449815,48.79626302550185,False
35.600799999999964,45.55469999999995,1017.0,5.839022637442771,41.60977362557229,False
35.600799999999964,45.564699999999945,1082.0,8.003544235494314,19.964557645056868,False
35.600799999999964,45.57469999999994,1083.0,5.479698167446293,45.20301832553707,False
35.600799999999964,45.58469999999994,1053.0,4.671218109954217,53.28781890045783,True
35.61079999999996,45.2847,812.0,2.5152712899753475,74.84728710024653,True
35.61079999999996,45.2947,820.0,2.540807693807719,74.59192306192281,True
35.61079999999996,45.3047,830.0,2.6949335249735866,73.05066475026413,True
35.61079999999996,45.314699999999995,829.0,3.233920229968304,67.66079770031696,True
35.61079999999996,45.32469999999999,841.0,2.8745957599718257,71.25404240028175,True
35.61079999999996,45.33469999999999,849.0,2.9644268774709452,70.35573122529055,True
35.61079999999996,45.34469999999999,844.0,2.6949335249735866,73.05066475026413,True
35.61079999999996,45.35469999999999,829.0,7.8129836584587355,21.870163415412648,False
35.61079999999996,45.364699999999985,847.0,9.432267337407554,5.6773266259244615,False
35.61079999999996,45.37469999999998,892.0,10.600071864896107,0.0,False
35.61079999999996,45.38469999999998,774.0,11.433634622134734,0.0,False
35.61079999999996,45.39469999999998,808.0,3.054257994970065,69.45742005029936,True
35.61079999999996,45.40469999999998,825.0,3.4135824649665434,65.86417535033456,True
35.61079999999996,45.414699999999975,863.0,3.8747317330567714,61.25268266943229,True
35.61079999999996,45.42469999999997,902.0,4.7640144258894725,52.35985574110528,True
35.61079999999996,45.43469999999997,946.0,7.455982752426923,25.440172475730773,False
35.61079999999996,45.44469999999997,1029.0,9.146907697707789,8.53092302292211,False
35.61079999999996,45.45469999999997,1053.0,19.493352497308944,0.0,False
35.61079999999996,45.464699999999965,1270.0,22.359107705507927,0.0,False
35.61079999999996,45.47469999999996,1381.0,24.52389507725964,0.0,False
35.61079999999996,45.48469999999996,1654.0,29.155768286443575,0.0,False
35.61079999999996,45.49469999999996,1432.0,26.05102407474467,0.0,False
35.61079999999996,45.50469999999996,1142.0,26.05102407474467,0.0,False
35.61079999999996,45.514699999999955,1061.0,9.273948082398174,7.260519176018255,False
35.61079999999996,45.52469999999995,1044.0,10.330578512398748,0.0,False
35.61079999999996,45.53469999999995,929.0,10.330578512398748,0.0,False
35.61079999999996,45.54469999999995,939.0,7.276320517428685,27.23679482571315,False
35.61079999999996,45.55469999999995,956.0,8.003544235494314,19.964557645056868,False
35.61079999999996,45.564699999999945,1007.0,6.737333812433967,32.62666187566033,False
35.61079999999996,45.57469999999994,1022.0,5.479698167446293,45.20301832553707,False
35.61079999999996,45.58469999999994,1083.0,5.479698167446293,45.20301832553707,False
35.62079999999996,45.2847,840.0,3.3237513474674234,66.76248652532577,True
35.62079999999996,45.2947,837.0,3.1124894249144557,68.87510575085545,True
35.62079999999996,45.3047,860.0,2.731368270843298,72.68631729156702,True
35.62079999999996,45.314699999999995,865.0,3.4135824649665434,65.86417535033456,True
35.62079999999996,45.32469999999999,873.0,3.5932446999647825,64.06755300035218,True
35.62079999999996,45.33469999999999,882.0,2.9644268774709452,70.35573122529055,True
35.62079999999996,45.34469999999999,874.0,4.491555874955978,55.08444125044022,True
35.62079999999996,45.35469999999999,869.0,7.455982752426923,25.440172475730773,False
35.62079999999996,45.364699999999985,952.0,9.432267337407554,5.6773266259244615,False
35.62079999999996,45.37469999999998,954.0,13.115343154871455,0.0,False
35.62079999999996,45.38469999999998,808.0,13.115343154871455,0.0,False
35.62079999999996,45.39469999999998,808.0,6.796660580935648,32.03339419064351,False
35.62079999999996,45.40469999999998,853.0,4.04240028746038,59.575997125396206,True
35.62079999999996,45.414699999999975,877.0,4.22206252245862,57.77937477541381,True
35.62079999999996,45.42469999999997,924.0,4.891054810579859,51.08945189420141,True
35.62079999999996,45.43469999999997,977.0,5.749191519943651,42.50808480056348,False
35.62079999999996,45.44469999999997,1041.0,17.27749231789249,0.0,False
35.62079999999996,45.45469999999997,1173.0,13.212200007800137,0.0,False
35.62079999999996,45.464699999999965,1260.0,32.51886453468128,0.0,False
35.62079999999996,45.47469999999996,1622.0,32.51886453468128,0.0,False
35.62079999999996,45.48469999999996,1456.0,19.43717885762905,0.0,False
35.62079999999996,45.49469999999996,1266.0,24.645834629934875,0.0,False
35.62079999999996,45.50469999999996,1064.0,23.375430783031014,0.0,False
35.62079999999996,45.514699999999955,1006.0,8.638746158946246,13.612538410537544,False
35.62079999999996,45.52469999999995,929.0,10.330578512398748,0.0,False
35.62079999999996,45.53469999999995,968.0,5.120373697449815,48.79626302550185,False
35.62079999999996,45.54469999999995,1020.0,7.276320517428685,27.23679482571315,False
35.62079999999996,45.55469999999995,1032.0,6.827164929933087,31.72835070066913,False
35.62079999999996,45.564699999999945,1054.0,6.224978849828911,37.750211501710886,False
35.62079999999996,45.57469999999994,1082.0,5.389867049947173,46.101329500528266,False
35.62079999999996,45.58469999999994,1043.0,6.467840459936608,35.32159540063392,False
35.63079999999996,45.2847,877.0,3.3237513474674234,66.76248652532577,True
35.63079999999996,45.2947,867.0,4.940711462451575,50.59288537548425,True
35.63079999999996,45.3047,886.0,3.8112115407115787,61.88788459288421,True
35.63079999999996,45.314699999999995,903.0,3.862738052462141,61.372619475378585,True
35.63079999999996,45.32469999999999,913.0,4.04240028746038,59.575997125396206,True
35.63079999999996,45.33469999999999,907.0,5.8438576957577535,41.56142304242246,False
35.63079999999996,45.34469999999999,924.0,14.228523085323225,0.0,False
35.63079999999996,45.35469999999999,940.0,18.684872439816868,0.0,False
35.63079999999996,45.364699999999985,945.0,16.0797700323424,0.0,False
35.63079999999996,45.37469999999998,908.0,13.720361546561682,0.0,False
35.63079999999996,45.38469999999998,915.0,9.88142292490315,1.1857707509684956,False
35.63079999999996,45.39469999999998,805.0,9.88142292490315,1.1857707509684956,False
35.63079999999996,45.40469999999998,874.0,6.198347107439249,38.01652892560752,False
35.63079999999996,45.414699999999975,916.0,4.319373079473123,56.80626920526877,True
35.63079999999996,45.42469999999997,938.0,6.796660580935648,32.03339419064351,False
35.63079999999996,45.43469999999997,1001.0,13.529800969526104,0.0,False
35.63079999999996,45.44469999999997,1067.0,22.09845490478341,0.0,False
35.63079999999996,45.45469999999997,1313.0,22.09845490478341,0.0,False
35.63079999999996,45.464699999999965,1381.0,15.308366355191508,0.0,False
35.63079999999996,45.47469999999996,1490.0,23.535752784769322,0.0,False
35.63079999999996,45.48469999999996,1419.0,24.164570607263162,0.0,False
35.63079999999996,45.49469999999996,1150.0,24.164570607263162,0.0,False
35.63079999999996,45.50469999999996,1092.0,11.052513468063577,0.0,False
35.63079999999996,45.514699999999955,1037.0,9.88142292490315,1.1857707509684956,False
35.63079999999996,45.52469999999995,927.0,9.88142292490315,1.1857707509684956,False
35.63079999999996,45.53469999999995,911.0,6.923700965626034,30.76299034373966,False
35.63079999999996,45.54469999999995,975.0,5.749191519943651,42.50808480056348,False
35.63079999999996,45.55469999999995,1023.0,4.311893639957739,56.88106360042261,True
35.63079999999996,45.564699999999945,1045.0,3.862738052462141,61.372619475378585,True
35.63079999999996,45.57469999999994,1088.0,3.862738052462141,61.372619475378585,True
35.63079999999996,45.58469999999994,1115.0,6.467840459936608,35.32159540063392,False
35.640799999999956,45.2847,914.0,3.4936105789856136,65.06389421014387,True
35.640799999999956,45.2947,922.0,4.940711462451575,50.59288537548425,True
35.640799999999956,45.3047,908.0,6.0186848724410105,39.813151275589895,False
35.640799999999956,45.314699999999995,946.0,3.862738052462141,61.372619475378585,True
35.640799999999956,45.32469999999999,958.0,4.04240028746038,59.575997125396206,True
35.640799999999956,45.33469999999999,964.0,7.49538269673277,25.046173032672293,False
35.640799999999956,45.34469999999999,999.0,23.883592321792555,0.0,False
35.640799999999956,45.35469999999999,1148.0,20.39166367230014,0.0,False
35.640799999999956,45.364699999999985,1124.0,17.96622349982391,0.0,False
35.640799999999956,45.37469999999998,924.0,17.96622349982391,0.0,False
35.640799999999956,45.38469999999998,893.0,5.589776926376982,44.10223073623018,False
35.640799999999956,45.39469999999998,853.0,10.15091627740051,0.0,False
35.640799999999956,45.40469999999998,897.0,5.8438576957577535,41.56142304242246,False
35.640799999999956,45.414699999999975,920.0,6.034418272793332,39.65581727206667,False
35.640799999999956,45.42469999999997,984.0,10.861952891027999,0.0,False
35.640799999999956,45.43469999999997,1045.0,15.181458857351204,0.0,False
35.640799999999956,45.44469999999997,1214.0,18.230295203070384,0.0,False
35.640799999999956,45.45469999999997,1326.0,16.45172981740498,0.0,False
35.640799999999956,45.464699999999965,1424.0,17.60689902982743,0.0,False
35.640799999999956,45.47469999999996,1228.0,23.535752784769322,0.0,False
35.640799999999956,45.48469999999996,1178.0,21.649299317287813,0.0,False
35.640799999999956,45.49469999999996,1090.0,20.898143281568487,0.0,False
35.640799999999956,45.50469999999996,1049.0,6.41553942686449,35.844605731355095,False
35.640799999999956,45.514699999999955,1000.0,6.916996047432206,30.830039525677943,False
35.640799999999956,45.52469999999995,923.0,7.241301927352,27.586980726480004,False
35.640799999999956,45.53469999999995,905.0,6.224978849828911,37.750211501710886,False
35.640799999999956,45.54469999999995,956.0,6.467840459936608,35.32159540063392,False
35.640799999999956,45.55469999999995,1028.0,6.467840459936608,35.32159540063392,False
35.640799999999956,45.564699999999945,1041.0,5.399216349341403,46.007836506585974,False
35.640799999999956,45.57469999999994,1093.0,6.987221157971227,30.127788420287725,False
35.640799999999956,45.58469999999994,1135.0,6.288499042174105,37.11500957825895,False
35.650799999999954,45.2847,946.0,3.938251925401964,60.61748074598036,True
35.650799999999954,45.2947,969.0,4.22206252245862,57.77937477541381,True
35.650799999999954,45.3047,975.0,6.0186848724410105,39.813151275589895,False
35.650799999999954,45.314699999999995,986.0,7.366151634927803,26.338483650721965,False
35.650799999999954,45.32469999999999,994.0,5.8438576957577535,41.56142304242246,False
35.650799999999954,45.33469999999999,1006.0,15.943568278643436,0.0,False
35.650799999999954,45.34469999999999,1082.0,26.32051742724203,0.0,False
35.650799999999954,45.35469999999999,1375.0,26.32051742724203,0.0,False
35.650799999999954,45.364699999999985,1091.0,25.51203736974995,0.0,False
35.650799999999954,45.37469999999998,935.0,14.013654329862652,0.0,False
35.650799999999954,45.38469999999998,856.0,9.88142292490315,1.1857707509684956,False
35.650799999999954,45.39469999999998,966.0,10.15091627740051,0.0,False
35.650799999999954,45.40469999999998,928.0,5.6532971187221746,43.46702881277825,False
35.650799999999954,45.414699999999975,962.0,9.019867313017402,9.801326869825978,False
35.650799999999954,45.42469999999997,1015.0,14.355563470013614,0.0,False
35.650799999999954,45.43469999999997,1155.0,24.77287501462526,0.0,False
35.650799999999954,45.44469999999997,1253.0,26.23068630974291,0.0,False
35.650799999999954,45.45469999999997,1501.0,22.27811713978165,0.0,False
35.650799999999954,45.464699999999965,1343.0,14.193316564860888,0.0,False
35.650799999999954,45.47469999999996,1280.0,15.810276679845042,0.0,False
35.650799999999954,45.48469999999996,1104.0,15.810276679845042,0.0,False
35.650799999999954,45.49469999999996,1068.0,6.987221157971227,30.127788420287725,False
35.650799999999954,45.50469999999996,1044.0,7.006827164931326,29.931728350686736,False
35.650799999999954,45.514699999999955,1008.0,6.034418272793332,39.65581727206667,False
35.650799999999954,45.52469999999995,1003.0,8.08480057492076,19.151994250792402,False
35.650799999999954,45.53469999999995,936.0,6.0186848724410105,39.813151275589895,False
35.650799999999954,45.54469999999995,973.0,5.030542579950695,49.694574200493044,False
35.650799999999954,45.55469999999995,956.0,6.467840459936608,35.32159540063392,False
35.650799999999954,45.564699999999945,983.0,6.987221157971227,30.127788420287725,False
35.650799999999954,45.57469999999994,1036.0,14.193316564860888,0.0,False
35.650799999999954,45.58469999999994,1194.0,14.911965504853846,0.0,False
35.66079999999995,45.2847,977.0,15.181458857351204,0.0,False
35.66079999999995,45.2947,1008.0,8.765786543636631,12.342134563633689,False
35.66079999999995,45.3047,1010.0,13.148679815454944,0.0,False
35.66079999999995,45.314699999999995,1068.0,13.384836507368814,0.0,False
35.66079999999995,45.32469999999999,1034.0,11.624195199170314,0.0,False
35.66079999999995,45.33469999999999,1086.0,21.977986551436768,0.0,False
35.66079999999995,45.34469999999999,1257.0,16.528925619838,0.0,False
35.66079999999995,45.35469999999999,1441.0,29.66392982520512,0.0,False
35.66079999999995,45.364699999999985,1115.0,29.284944304712972,0.0,False
35.66079999999995,45.37469999999998,872.0,21.828961552286053,0.0,False
35.66079999999995,45.38469999999998,904.0,5.479698167446293,45.20301832553707,False
35.66079999999995,45.39469999999998,918.0,4.9545750029250515,50.45424997074949,True
35.66079999999995,45.40469999999998,966.0,5.970898080448139,40.29101919551861,False
35.66079999999995,45.414699999999975,1017.0,10.099710582885683,0.0,False
35.66079999999995,45.42469999999997,1104.0,18.039734626034804,0.0,False
35.66079999999995,45.43469999999997,1241.0,27.308659719732347,0.0,False
35.66079999999995,45.44469999999997,1545.0,27.308659719732347,0.0,False
35.66079999999995,45.45469999999997,1503.0,22.45777937477989,0.0,False
35.66079999999995,45.464699999999965,1449.0,22.996766079774606,0.0,False
35.66079999999995,45.47469999999996,1193.0,22.996766079774606,0.0,False
35.66079999999995,45.48469999999996,1099.0,11.497154814479927,0.0,False
35.66079999999995,45.49469999999996,1051.0,7.635644987425162,23.64355012574838,False
35.66079999999995,45.50469999999996,966.0,7.635644987425162,23.64355012574838,False
35.66079999999995,45.514699999999955,995.0,7.366151634927803,26.338483650721965,False
35.66079999999995,45.52469999999995,913.0,8.08480057492076,19.151994250792402,False
35.66079999999995,45.53469999999995,906.0,6.161458657483719,38.38541342516282,False
35.66079999999995,45.54469999999995,917.0,6.923700965626034,30.76299034373966,False
35.66079999999995,45.55469999999995,946.0,7.186489399929565,28.135106000704347,False
35.66079999999995,45.564699999999945,996.0,6.557671577435728,34.423284225642725,False
35.66079999999995,45.57469999999994,1069.0,7.940024043149122,20.59975956850878,False
35.66079999999995,45.58469999999994,1028.0,14.911965504853846,0.0,False
35.67079999999995,45.2847,1146.0,15.181458857351204,0.0,False
35.67079999999995,45.2947,1060.0,13.783881738906874,0.0,False
35.67079999999995,45.3047,1105.0,21.406304820330032,0.0,False
35.67079999999995,45.314699999999995,1217.0,20.2120014373019,0.0,False
35.67079999999995,45.32469999999999,1139.0,20.96166347391368,0.0,False
35.67079999999995,45.33469999999999,1192.0,24.883219547256115,0.0,False
35.67079999999995,45.34469999999999,1432.0,22.27811713978165,0.0,False
35.67079999999995,45.35469999999999,1184.0,23.086597197273726,0.0,False
35.67079999999995,45.364699999999985,974.0,29.66392982520512,0.0,False
35.67079999999995,45.37469999999998,856.0,16.45172981740498,0.0,False
35.67079999999995,45.38469999999998,965.0,9.791591807404032,2.08408192595968,False
35.67079999999995,45.39469999999998,940.0,5.399216349341403,46.007836506585974,False
35.67079999999995,45.40469999999998,996.0,7.368342312042385,26.316576879576147,False
35.67079999999995,45.414699999999975,1060.0,12.83107885372898,0.0,False
35.67079999999995,45.42469999999997,1176.0,28.774647132372415,0.0,False
35.67079999999995,45.43469999999997,1388.0,21.649299317287813,0.0,False
35.67079999999995,45.44469999999997,1397.0,14.73668462408477,0.0,False
35.67079999999995,45.45469999999997,1253.0,22.45777937477989,0.0,False
35.67079999999995,45.464699999999965,1424.0,32.33920229968304,0.0,False
35.67079999999995,45.47469999999996,1229.0,17.51706791232831,0.0,False
35.67079999999995,45.48469999999996,1103.0,11.318720804889065,0.0,False
35.67079999999995,45.49469999999996,1050.0,5.33569615699621,46.6430384300379,False
35.67079999999995,45.50469999999996,1038.0,6.467840459936608,35.32159540063392,False
35.67079999999995,45.514699999999955,973.0,5.839022637442771,41.60977362557229,False
35.67079999999995,45.52469999999995,946.0,5.210204814948934,47.89795185051066,False
35.67079999999995,45.53469999999995,888.0,7.431862504387578,25.681374956124227,False
35.67079999999995,45.54469999999995,965.0,6.916996047432206,30.830039525677943,False
35.67079999999995,45.55469999999995,1026.0,7.186489399929565,28.135106000704347,False
35.67079999999995,45.564699999999945,1026.0,5.9288537549418905,40.711462450581095,False
35.67079999999995,45.57469999999994,1058.0,10.420409629897868,0.0,False
35.67079999999995,45.58469999999994,986.0,6.467840459936608,35.32159540063392,False
35.68079999999995,45.2847,1237.0,11.243074045099156,0.0,False
35.68079999999995,45.2947,1150.0,18.80197693417712,0.0,False
35.68079999999995,45.3047,1277.0,15.450952209848564,0.0,False
35.68079999999995,45.314699999999995,1442.0,21.406304820330032,0.0,False
35.68079999999995,45.32469999999999,1216.0,22.72727272727725,0.0,False
35.68079999999995,45.33469999999999,1469.0,24.883219547256115,0.0,False
35.68079999999995,45.34469999999999,1447.0,30.18325547970417,0.0,False
35.68079999999995,45.35469999999999,1111.0,30.18325547970417,0.0,False
35.68079999999995,45.364699999999985,922.0,16.978081207333595,0.0,False
35.68079999999995,45.37469999999998,911.0,4.940711462451575,50.59288537548425,True
35.68079999999995,45.38469999999998,946.0,5.716817311067367,42.83182688932633,False
35.68079999999995,45.39469999999998,980.0,5.907377888102946,40.92622111897054,False
35.68079999999995,45.40469999999998,1025.0,16.832850971476137,0.0,False
35.68079999999995,45.414699999999975,1112.0,27.504243285468554,0.0,False
35.68079999999995,45.42469999999997,1262.0,32.96802012217688,0.0,False
35.68079999999995,45.43469999999997,1629.0,32.96802012217688,0.0,False
35.68079999999995,45.44469999999997,1270.0,32.24937118218392,0.0,False
35.68079999999995,45.45469999999997,1236.0,15.450952209848564,0.0,False
35.68079999999995,45.464699999999965,1064.0,32.33920229968304,0.0,False
35.68079999999995,45.47469999999996,1183.0,15.308366355191508,0.0,False
35.68079999999995,45.48469999999996,1039.0,12.935680919873215,0.0,False
35.68079999999995,45.49469999999996,1007.0,6.097938465138526,39.02061534861474,False
35.68079999999995,45.50469999999996,1009.0,7.635644987425162,23.64355012574838,False
35.68079999999995,45.514699999999955,1005.0,9.522098454906674,4.779015450933266,False
35.68079999999995,45.52469999999995,908.0,8.713618397414596,12.863816025854046,False
35.68079999999995,45.53469999999995,904.0,9.072942867411076,9.270571325889243,False
35.68079999999995,45.54469999999995,1005.0,11.139058569890825,0.0,False
35.68079999999995,45.55469999999995,962.0,7.186489399929565,28.135106000704347,False
35.68079999999995,45.564699999999945,960.0,8.893280632412836,11.067193675871644,False
35.68079999999995,45.57469999999994,942.0,10.420409629897868,0.0,False
35.68079999999995,45.58469999999994,966.0,8.44412504491724,15.55874955082761,False
35.690799999999946,45.2847,1191.0,23.086597197273726,0.0,False
35.690799999999946,45.2947,1293.0,25.281036553386805,0.0,False
35.690799999999946,45.3047,1446.0,22.00862378728429,0.0,False
35.690799999999946,45.314699999999995,1456.0,19.044196909813348,0.0,False
35.690799999999946,45.32469999999999,1244.0,19.044196909813348,0.0,False
35.690799999999946,45.33469999999999,1425.0,21.088703858604067,0.0,False
35.690799999999946,45.34469999999999,1259.0,23.984908372264922,0.0,False
35.690799999999946,45.35469999999999,992.0,28.9016875170628,0.0,False
35.690799999999946,45.364699999999985,887.0,14.228523085323225,0.0,False
35.690799999999946,45.37469999999998,926.0,8.08480057492076,19.151994250792402,False
35.690799999999946,45.38469999999998,958.0,6.860180773280841,31.398192267191593,False
35.690799999999946,45.39469999999998,1004.0,12.322917314967437,0.0,False
35.690799999999946,45.40469999999998,1073.0,19.493352497308944,0.0,False
35.690799999999946,45.414699999999975,1290.0,22.90693496227549,0.0,False
35.690799999999946,45.42469999999997,1545.0,27.504243285468554,0.0,False
35.690799999999946,45.43469999999997,1288.0,30.632411067199765,0.0,False
35.690799999999946,45.44469999999997,1256.0,23.69303174475698,0.0,False
35.690799999999946,45.45469999999997,1232.0,12.83107885372898,0.0,False
35.690799999999946,45.464699999999965,1171.0,14.193316564860888,0.0,False
35.690799999999946,45.47469999999996,1013.0,15.271289974850324,0.0,False
35.690799999999946,45.48469999999996,1069.0,14.193316564860888,0.0,False
35.690799999999946,45.49469999999996,994.0,6.737333812433967,32.62666187566033,False
35.690799999999946,45.50469999999996,924.0,7.635644987425162,23.64355012574838,False
35.690799999999946,45.514699999999955,899.0,9.522098454906674,4.779015450933266,False
35.690799999999946,45.52469999999995,932.0,8.17463169241988,18.25368307580121,False
35.690799999999946,45.53469999999995,865.0,8.892826928327016,11.071730716729833,False
35.690799999999946,45.54469999999995,881.0,11.139058569890825,0.0,False
35.690799999999946,45.55469999999995,882.0,7.8129836584587355,21.870163415412648,False
35.690799999999946,45.564699999999945,861.0,9.252605102409314,7.473948975906863,False
35.690799999999946,45.57469999999994,924.0,5.659360402444532,43.40639597555468,False
35.690799999999946,45.58469999999994,872.0,11.139058569890825,0.0,False
35.700799999999944,45.2847,1448.0,23.086597197273726,0.0,False
35.700799999999944,45.2947,1432.0,23.625583902268442,0.0,False
35.700799999999944,45.3047,1691.0,25.535117322767576,0.0,False
35.700799999999944,45.314699999999995,1523.0,23.184870205995438,0.0,False
35.700799999999944,45.32469999999999,1346.0,16.88825008983448,0.0,False
35.700799999999944,45.33469999999999,1378.0,25.601868487249074,0.0,False
35.700799999999944,45.34469999999999,1093.0,25.601868487249074,0.0,False
35.700799999999944,45.35469999999999,926.0,21.15222405094926,0.0,False
35.700799999999944,45.364699999999985,937.0,7.186489399929565,28.135106000704347,False
35.700799999999944,45.37469999999998,1016.0,8.194104812529893,18.05895187470107,False
35.700799999999944,45.38469999999998,1002.0,10.734912506337613,0.0,False
35.700799999999944,45.39469999999998,1066.0,20.7711028968781,0.0,False
35.700799999999944,45.40469999999998,1198.0,17.51706791232831,0.0,False
35.700799999999944,45.414699999999975,1331.0,19.313690262310704,0.0,False
35.700799999999944,45.42469999999997,1400.0,23.715415019767562,0.0,False
35.700799999999944,45.43469999999997,1227.0,20.199421165771366,0.0,False
35.700799999999944,45.44469999999997,1364.0,16.959891356166523,0.0,False
35.700799999999944,45.45469999999997,1312.0,25.332375134751718,0.0,False
35.700799999999944,45.464699999999965,1030.0,25.332375134751718,0.0,False
35.700799999999944,45.47469999999996,1073.0,18.14588573482215,0.0,False
35.700799999999944,45.48469999999996,911.0,14.55264103485737,0.0,False
35.700799999999944,45.49469999999996,986.0,7.096658282430444,29.033417175695565,False
35.700799999999944,45.50469999999996,943.0,5.33569615699621,46.6430384300379,False
35.700799999999944,45.514699999999955,917.0,6.827164929933087,31.72835070066913,False
35.700799999999944,45.52469999999995,841.0,8.17463169241988,18.25368307580121,False
35.700799999999944,45.53469999999995,865.0,4.850880344952456,51.491196550475436,True
35.700799999999944,45.54469999999995,886.0,8.067064427839506,19.329355721604934,False
35.700799999999944,45.55469999999995,951.0,6.198347107439249,38.01652892560752,False
35.700799999999944,45.564699999999945,964.0,9.252605102409314,7.473948975906863,False
35.700799999999944,45.57469999999994,975.0,7.8129836584587355,21.870163415412648,False
35.700799999999944,45.58469999999994,996.0,11.139058569890825,0.0,False
35.71079999999994,45.2847,1621.0,15.540783327347683,0.0,False
35.71079999999994,45.2947,1695.0,23.625583902268442,0.0,False
35.71079999999994,45.3047,1495.0,18.505210204818628,0.0,False
35.71079999999994,45.314699999999995,1289.0,25.535117322767576,0.0,False
35.71079999999994,45.32469999999999,1158.0,23.184870205995438,0.0,False
35.71079999999994,45.33469999999999,1205.0,19.044196909813348,0.0,False
35.71079999999994,45.34469999999999,993.0,24.455274052899295,0.0,False
35.71079999999994,45.35469999999999,949.0,9.146907697707789,8.53092302292211,False
35.71079999999994,45.364699999999985,1017.0,7.186489399929565,28.135106000704347,False
35.71079999999994,45.37469999999998,1038.0,6.41553942686449,35.844605731355095,False
35.71079999999994,45.38469999999998,1063.0,9.701760689904912,2.9823931009508753,False
35.71079999999994,45.39469999999998,1171.0,19.94250808480454,0.0,False
35.71079999999994,45.40469999999998,1393.0,24.883219547256115,0.0,False
35.71079999999994,45.414699999999975,1116.0,24.883219547256115,0.0,False
35.71079999999994,45.42469999999997,1136.0,23.715415019767562,0.0,False
35.71079999999994,45.43469999999997,1097.0,26.50017966224027,0.0,False
35.71079999999994,45.44469999999997,1392.0,26.50017966224027,0.0,False
35.71079999999994,45.45469999999997,1152.0,21.559468199788693,0.0,False
35.71079999999994,45.464699999999965,988.0,20.580542319842525,0.0,False
35.71079999999994,45.47469999999996,871.0,18.14588573482215,0.0,False
35.71079999999994,45.48469999999996,891.0,11.560675006825122,0.0,False
35.71079999999994,45.49469999999996,907.0,7.096658282430444,29.033417175695565,False
35.71079999999994,45.50469999999996,914.0,4.940711462451575,50.59288537548425,True
35.71079999999994,45.514699999999955,859.0,5.33569615699621,46.6430384300379,False
35.71079999999994,45.52469999999995,896.0,4.940711462451575,50.59288537548425,True
35.71079999999994,45.53469999999995,919.0,4.9545750029250515,50.45424997074949,True
35.71079999999994,45.54469999999995,916.0,8.713618397414596,12.863816025854046,False
35.71079999999994,45.55469999999995,1013.0,8.713618397414596,12.863816025854046,False
35.71079999999994,45.564699999999945,1028.0,5.749191519943651,42.50808480056348,False
35.71079999999994,45.57469999999994,1053.0,7.006827164931326,29.931728350686736,False
35.71079999999994,45.58469999999994,1098.0,9.162773984910194,8.37226015089806,False
